image,label,x,y,width,height
EinelnerReiterOutdoor2_frame(22).png,1,0.6002604166666666,0.5462962962962963,0.0203125,0.03888888888888889
EinelnerReiterOutdoor2_frame(22).png,2,0.5986979166666667,0.5305555555555556,0.010677083333333334,0.034722222222222224
