image,label,x,y,width,height
EinelnerReiterOutdoor2_frame(64).png,1,0.4752604166666667,0.562962962962963,0.020572916666666666,0.037037037037037035
EinelnerReiterOutdoor2_frame(64).png,2,0.47760416666666666,0.5388888888888889,0.008854166666666666,0.038425925925925926
