image,label,x,y,width,height
EinelnerReiterOutdoor2_frame(52).png,2,0.6080729166666666,0.5768518518518518,0.025260416666666667,0.1638888888888889
EinelnerReiterOutdoor2_frame(52).png,1,0.6192708333333333,0.6541666666666667,0.14114583333333333,0.1726851851851852
