image,label,x,y,width,height
EinelnerReiterOutdoor2_frame(8).png,2,0.34322916666666664,0.5694444444444444,0.026822916666666665,0.11574074074074074
EinelnerReiterOutdoor2_frame(8).png,1,0.35520833333333335,0.624537037037037,0.10807291666666667,0.1087962962962963
