image,label,x,y,width,height
EinelnerReiterOutdoor2_frame(47).png,2,0.77578125,0.5430555555555555,0.020833333333333332,0.075
EinelnerReiterOutdoor2_frame(47).png,1,0.7768229166666667,0.575925925925926,0.022395833333333334,0.0837962962962963
