image,label,x,y,width,height
EinelnerReiterOutdoor2_frame(44).png,2,0.7911458333333333,0.5393518518518519,0.015885416666666666,0.059722222222222225
EinelnerReiterOutdoor2_frame(44).png,1,0.7924479166666667,0.5606481481481481,0.020052083333333335,0.05416666666666667
