image,label,x,y,width,height
EinelnerReiterOutdoor2_frame(16).png,2,0.47994791666666664,0.5453703703703704,0.0140625,0.04861111111111111
EinelnerReiterOutdoor2_frame(16).png,1,0.47760416666666666,0.5694444444444444,0.026041666666666668,0.04814814814814815
