image,label,x,y,width,height
EinelnerReiterOutdoor2_frame(61).png,1,0.3703125,0.5685185185185185,0.03854166666666667,0.05787037037037037
EinelnerReiterOutdoor2_frame(61).png,2,0.37942708333333336,0.5444444444444444,0.015104166666666667,0.05416666666666667
