image,label,x,y,width,height
EinelnerReiterOutdoor2_frame(42).png,2,0.7997395833333333,0.5342592592592592,0.01328125,0.04953703703703704
EinelnerReiterOutdoor2_frame(42).png,1,0.8010416666666667,0.5527777777777778,0.016145833333333335,0.04537037037037037
