image,label,x,y,width,height
EinelnerReiterOutdoor2_frame(53).png,2,0.4471354166666667,0.5703703703703704,0.03177083333333333,0.16157407407407406
EinelnerReiterOutdoor2_frame(53).png,1,0.4596354166666667,0.6421296296296296,0.12265625,0.16712962962962963
