image,label,x,y,width,height
EinelnerReiterOutdoor2_frame(4).png,2,0.5611979166666666,0.5439814814814815,0.016666666666666666,0.05740740740740741
EinelnerReiterOutdoor2_frame(4).png,1,0.56015625,0.575925925925926,0.02734375,0.0699074074074074
