image,label,x,y,width,height
EinelnerReiterOutdoor2_frame(3).png,2,0.5895833333333333,0.5370370370370371,0.0125,0.05138888888888889
EinelnerReiterOutdoor2_frame(3).png,1,0.5864583333333333,0.5675925925925925,0.02265625,0.06296296296296296
