image,label,x,y,width,height
EinelnerReiterOutdoor2_frame(58).png,1,0.20286458333333332,0.5962962962962963,0.05546875,0.07685185185185185
EinelnerReiterOutdoor2_frame(58).png,2,0.21614583333333334,0.5555555555555556,0.022395833333333334,0.08101851851851852
