image,label,x,y,width,height
EinelnerReiterOutdoor2_frame(1).png,1,0.6333333333333333,0.5601851851851852,0.0171875,0.04861111111111111
EinelnerReiterOutdoor2_frame(1).png,2,0.6322916666666667,0.537962962962963,0.01171875,0.04583333333333333
