image,label,x,y,width,height
EinelnerReiterOutdoor2_frame(46).png,2,0.7799479166666666,0.5402777777777777,0.017447916666666667,0.06527777777777778
EinelnerReiterOutdoor2_frame(46).png,1,0.7799479166666666,0.5689814814814815,0.020052083333333335,0.06342592592592593
