image,label,x,y,width,height
EinelnerReiterOutdoor2_frame(7).png,2,0.43020833333333336,0.5611111111111111,0.021354166666666667,0.10046296296296296
EinelnerReiterOutdoor2_frame(7).png,1,0.43385416666666665,0.6069444444444444,0.08203125,0.0962962962962963
