image,label,x,y,width,height
EinelnerReiterOutdoor2_frame(56).png,2,0.1921875,0.5662037037037037,0.029427083333333333,0.12638888888888888
EinelnerReiterOutdoor2_frame(56).png,1,0.19635416666666666,0.6217592592592592,0.04348958333333333,0.11898148148148148
