image,label,x,y,width,height
EinelnerReiterOutdoor2_frame(11).png,2,0.2203125,0.5601851851851852,0.0203125,0.09305555555555556
EinelnerReiterOutdoor2_frame(11).png,1,0.20677083333333332,0.6129629629629629,0.04895833333333333,0.10972222222222222
