image,label,x,y,width,height
EinelnerReiterOutdoor2_frame(48).png,2,0.77890625,0.5421296296296296,0.025260416666666667,0.09398148148148149
EinelnerReiterOutdoor2_frame(48).png,1,0.7791666666666667,0.5824074074074074,0.0234375,0.08981481481481482
