image,label,x,y,width,height
EinelnerReiterOutdoor2_frame(9).png,2,0.24869791666666666,0.5657407407407408,0.03125,0.12129629629629629
EinelnerReiterOutdoor2_frame(9).png,1,0.25338541666666664,0.6217592592592592,0.07369791666666667,0.11018518518518519
