image,label,x,y,width,height
EinelnerReiterOutdoor2_frame(19).png,1,0.5380208333333333,0.5564814814814815,0.015885416666666666,0.037037037037037035
EinelnerReiterOutdoor2_frame(19).png,2,0.5388020833333333,0.5361111111111111,0.010416666666666666,0.03194444444444444
