image,label,x,y,width,height
EinelnerReiterOutdoor2_frame(41).png,2,0.8002604166666667,0.5328703703703703,0.011197916666666667,0.04490740740740741
EinelnerReiterOutdoor2_frame(41).png,1,0.8018229166666667,0.5518518518518518,0.015625,0.040740740740740744
