image,label,x,y,width,height
EinelnerReiterOutdoor2_frame(12).png,1,0.26510416666666664,0.5916666666666667,0.06432291666666666,0.07037037037037037
EinelnerReiterOutdoor2_frame(12).png,2,0.27786458333333336,0.5504629629629629,0.019010416666666665,0.0712962962962963
