image,label,x,y,width,height
EinelnerReiterOutdoor2_frame(49).png,2,0.7674479166666667,0.5541666666666667,0.026041666666666668,0.09953703703703703
EinelnerReiterOutdoor2_frame(49).png,1,0.7677083333333333,0.5949074074074074,0.0296875,0.1
