image,label,x,y,width,height
EinelnerReiterOutdoor2_frame(50).png,2,0.7421875,0.5592592592592592,0.030208333333333334,0.11481481481481481
EinelnerReiterOutdoor2_frame(50).png,1,0.74375,0.6148148148148148,0.0390625,0.11712962962962963
