image,label,x,y,width,height
EinelnerReiterOutdoor2_frame(43).png,2,0.7955729166666666,0.5365740740740741,0.014583333333333334,0.05
EinelnerReiterOutdoor2_frame(43).png,1,0.79609375,0.5550925925925926,0.016927083333333332,0.044444444444444446
