image,label,x,y,width,height
EinelnerReiterOutdoor2_frame(51).png,2,0.7,0.5615740740740741,0.035416666666666666,0.14537037037037037
EinelnerReiterOutdoor2_frame(51).png,1,0.70390625,0.6236111111111111,0.059375,0.15185185185185185
