image,label,x,y,width,height
EinelnerReiterOutdoor2_frame(23).png,2,0.6114583333333333,0.5314814814814814,0.009375,0.02962962962962963
EinelnerReiterOutdoor2_frame(23).png,1,0.6109375,0.549074074074074,0.0125,0.03194444444444444
