image,label,x,y,width,height
EinelnerReiterOutdoor2_frame(59).png,1,0.2598958333333333,0.587037037037037,0.053385416666666664,0.06574074074074074
EinelnerReiterOutdoor2_frame(59).png,2,0.26979166666666665,0.5537037037037037,0.015885416666666666,0.06388888888888888
