image,label,x,y,width,height
EinelnerReiterOutdoor2_frame(20).png,2,0.56015625,0.5328703703703703,0.011458333333333333,0.03564814814814815
EinelnerReiterOutdoor2_frame(20).png,1,0.5588541666666667,0.5523148148148148,0.015885416666666666,0.03611111111111111
