image,label,x,y,width,height
EinelnerReiterOutdoor2_frame(65).png,1,0.4986979166666667,0.5546296296296296,0.020833333333333332,0.0412037037037037
EinelnerReiterOutdoor2_frame(65).png,2,0.4986979166666667,0.5351851851851852,0.01328125,0.04027777777777778
