image,label,x,y,width,height
EinelnerReiterOutdoor2_frame(54).png,2,0.31796875,0.5745370370370371,0.03307291666666667,0.13842592592592592
EinelnerReiterOutdoor2_frame(54).png,1,0.32838541666666665,0.6421296296296296,0.09739583333333333,0.13240740740740742
