image,label,x,y,width,height
EinelnerReiterOutdoor2_frame(13).png,2,0.3338541666666667,0.55,0.017708333333333333,0.062037037037037036
EinelnerReiterOutdoor2_frame(13).png,1,0.3265625,0.5847222222222223,0.051041666666666666,0.0699074074074074
