image,label,x,y,width,height
EinelnerReiterOutdoor2_frame(21).png,1,0.5765625,0.5513888888888889,0.015885416666666666,0.03425925925925926
EinelnerReiterOutdoor2_frame(21).png,2,0.5802083333333333,0.5319444444444444,0.010416666666666666,0.03148148148148148
