image,label,x,y,width,height
EinelnerReiterOutdoor2_frame(5).png,2,0.5268229166666667,0.549074074074074,0.017708333333333333,0.07361111111111111
EinelnerReiterOutdoor2_frame(5).png,1,0.528125,0.5847222222222223,0.04244791666666667,0.0787037037037037
