image,label,x,y,width,height
EinelnerReiterOutdoor2_frame(17).png,1,0.5002604166666667,0.562037037037037,0.019010416666666665,0.04537037037037037
EinelnerReiterOutdoor2_frame(17).png,2,0.50078125,0.5393518518518519,0.012239583333333333,0.04259259259259259
