image,label,x,y,width,height
EinelnerReiterOutdoor2_frame(57).png,2,0.18541666666666667,0.5583333333333333,0.02421875,0.09351851851851851
EinelnerReiterOutdoor2_frame(57).png,1,0.184375,0.6092592592592593,0.0265625,0.11203703703703703
