image,label,x,y,width,height
EinelnerReiterOutdoor2_frame(26).png,1,0.6169270833333333,0.5439814814814815,0.01328125,0.030555555555555555
EinelnerReiterOutdoor2_frame(26).png,2,0.6182291666666667,0.5282407407407408,0.0109375,0.03194444444444444
