image,label,x,y,width,height
EinelnerReiterOutdoor2_frame(14).png,2,0.390625,0.5467592592592593,0.01640625,0.0587962962962963
EinelnerReiterOutdoor2_frame(14).png,1,0.38776041666666666,0.575462962962963,0.04739583333333333,0.06388888888888888
