image,label,x,y,width,height
EinelnerReiterOutdoor2_frame(6).png,2,0.4903645833333333,0.5560185185185185,0.02109375,0.09907407407407408
EinelnerReiterOutdoor2_frame(6).png,1,0.49270833333333336,0.5990740740740741,0.07083333333333333,0.09351851851851851
