image,label,x,y,width,height
EinelnerReiterOutdoor2_frame(63).png,1,0.45078125,0.5652777777777778,0.022916666666666665,0.04259259259259259
EinelnerReiterOutdoor2_frame(63).png,2,0.45364583333333336,0.5398148148148149,0.011197916666666667,0.03935185185185185
