image,label,x,y,width,height
EinelnerReiterOutdoor2_frame(40).png,2,0.8,0.5328703703703703,0.01171875,0.043055555555555555
EinelnerReiterOutdoor2_frame(40).png,1,0.8013020833333333,0.5486111111111112,0.015885416666666666,0.03888888888888889
