image,label,x,y,width,height
EinelnerReiterOutdoor2_frame(10).png,2,0.19609375,0.5611111111111111,0.028385416666666666,0.11435185185185186
EinelnerReiterOutdoor2_frame(10).png,1,0.19765625,0.6134259259259259,0.034375,0.12546296296296297
