image,label,x,y,width,height
EinelnerReiterOutdoor2_frame(15).png,2,0.44609375,0.5439814814814815,0.012239583333333333,0.04861111111111111
EinelnerReiterOutdoor2_frame(15).png,1,0.4421875,0.5745370370370371,0.037760416666666664,0.05648148148148148
