image,label,x,y,width,height
EinelnerReiterOutdoor2_frame(55).png,2,0.23828125,0.5611111111111111,0.03333333333333333,0.12083333333333333
EinelnerReiterOutdoor2_frame(55).png,1,0.24427083333333333,0.625,0.06302083333333333,0.125
