image,label,x,y,width,height
EinelnerReiterOutdoor2_frame(25).png,2,0.61484375,0.5273148148148148,0.0109375,0.032407407407407406
EinelnerReiterOutdoor2_frame(25).png,1,0.6151041666666667,0.5449074074074074,0.012760416666666666,0.03148148148148148
