image,label,x,y,width,height
EinelnerReiterOutdoor2_frame(62).png,2,0.4203125,0.5435185185185185,0.0125,0.047685185185185185
EinelnerReiterOutdoor2_frame(62).png,1,0.4161458333333333,0.5712962962962963,0.0265625,0.04953703703703704
