image,label,x,y,width,height
EinelnerReiterOutdoor2_frame(18).png,2,0.5192708333333333,0.5375,0.010416666666666666,0.037037037037037035
EinelnerReiterOutdoor2_frame(18).png,1,0.5177083333333333,0.5601851851851852,0.020833333333333332,0.03981481481481482
