image,label,x,y,width,height
EinelnerReiterOutdoor2_frame(24).png,2,0.6140625,0.5314814814814814,0.009635416666666667,0.031018518518518518
EinelnerReiterOutdoor2_frame(24).png,1,0.6145833333333334,0.5486111111111112,0.011979166666666667,0.02962962962962963
