image,label,x,y,width,height
EinelnerReiterOutdoor2_frame(27).png,1,0.623,0.5439814814814815,0.011,0.030555555555555555
EinelnerReiterOutdoor2_frame(27).png,2,0.623,0.5282407407407408,0.008,0.03
