image,label,x,y,width,height
EinelnerReiterOutdoor2_frame(2).png,2,0.6111979166666667,0.5370370370370371,0.014322916666666666,0.044444444444444446
EinelnerReiterOutdoor2_frame(2).png,1,0.6119791666666666,0.5611111111111111,0.02265625,0.052314814814814814
