image,label,x,y,width,height
EinelnerReiterOutdoor2_frame(45).png,2,0.7859375,0.5356481481481481,0.016145833333333335,0.06296296296296296
EinelnerReiterOutdoor2_frame(45).png,1,0.7875,0.5638888888888889,0.019270833333333334,0.058333333333333334
