image,label,x,y,width,height
EinelnerReiterOutdoor2_frame(60).png,2,0.33046875,0.5486111111111112,0.0171875,0.0625
EinelnerReiterOutdoor2_frame(60).png,1,0.3229166666666667,0.5814814814814815,0.048177083333333336,0.0699074074074074
