image,label,x,y,width,height
EinzelnerReiterOutdoor_frame(26).png,1,0.604,0.5439814814814815,0.019010416666666665,0.032407407407407406
EinzelnerReiterOutdoor_frame(26).png,2,0.6036458333333333,0.53,0.011,0.032
