image,label,x,y,width,height
EinzelnerReiter2_frame(113).png,2,0.19192708333333333,0.5018518518518519,0.011458333333333333,0.044444444444444446
EinzelnerReiter2_frame(113).png,1,0.19244791666666666,0.5208333333333334,0.019010416666666665,0.04583333333333333
