image,label,x,y,width,height
EinzelnerReiter_frame(49).png,1,0.5973958333333333,0.5449074074074074,0.0625,0.06574074074074074
EinzelnerReiter_frame(49).png,2,0.59921875,0.5115740740740741,0.010677083333333334,0.062037037037037036
