image,label,x,y,width,height
EinzelnerReiter_frame(53).png,1,0.671875,0.5351851851851852,0.022916666666666665,0.04722222222222222
EinzelnerReiter_frame(53).png,2,0.6690104166666667,0.5115740740740741,0.011458333333333333,0.043055555555555555
