image,label,x,y,width,height
EinzelnerReiter_frame(7).png,1,0.48828125,0.5310185185185186,0.009114583333333334,0.04537037037037037
EinzelnerReiter_frame(7).png,2,0.4875,0.5106481481481482,0.011197916666666667,0.03888888888888889
