image,label,x,y,width,height
EinzelnerReiter_frame(21).png,1,0.49140625,0.5370370370370371,0.014322916666666666,0.05648148148148148
EinzelnerReiter_frame(21).png,2,0.48932291666666666,0.5101851851851852,0.01328125,0.049074074074074076
