image,label,x,y,width,height
EinzelnerReiterOutdoor3_frame(77).png,1,0.15885416666666666,0.6041666666666666,0.06796875,0.1
EinzelnerReiterOutdoor3_frame(77).png,2,0.16432291666666668,0.5615740740740741,0.018489583333333334,0.09074074074074075
