image,label,x,y,width,height
EinzelnerReiter2_frame(156).png,1,0.5885416666666666,0.537962962962963,0.071875,0.07222222222222222
EinzelnerReiter2_frame(156).png,2,0.5934895833333333,0.5064814814814815,0.011979166666666667,0.06296296296296296
