image,label,x,y,width,height
EinzelnerReiter_frame(24).png,2,0.49505208333333334,0.5120370370370371,0.01640625,0.06018518518518518
EinzelnerReiter_frame(24).png,1,0.49661458333333336,0.5412037037037037,0.015625,0.062037037037037036
