image,label,x,y,width,height
EinzelnerReiter2_frame(1).png,1,0.38046875,0.5287037037037037,0.03723958333333333,0.06620370370370371
EinzelnerReiter2_frame(1).png,2,0.3841145833333333,0.5023148148148148,0.01328125,0.05416666666666667
