image,label,x,y,width,height
EinzelnerReiter3_frame(37).png,1,0.3255208333333333,0.5222222222222223,0.016145833333333335,0.041666666666666664
EinzelnerReiter3_frame(37).png,2,0.3255208333333333,0.5046296296296297,0.012239583333333333,0.034722222222222224
