image,label,x,y,width,height
EinzelnerReiter2_frame(55).png,2,0.25442708333333336,0.49907407407407406,0.01484375,0.05925925925925926
EinzelnerReiter2_frame(55).png,1,0.2546875,0.5268518518518519,0.015885416666666666,0.06296296296296296
