image,label,x,y,width,height
EinzelnerReiter3_frame(82).png,2,0.41015625,0.5037037037037037,0.019010416666666665,0.08055555555555556
EinzelnerReiter3_frame(82).png,1,0.4080729166666667,0.5421296296296296,0.05260416666666667,0.08009259259259259
