image,label,x,y,width,height
EinzelnerReiter2_frame(123).png,1,0.2643229166666667,0.5189814814814815,0.015885416666666666,0.033796296296296297
EinzelnerReiter2_frame(123).png,2,0.2635416666666667,0.5037037037037037,0.010416666666666666,0.029166666666666667
