image,label,x,y,width,height
EinzelnerReiter3_frame(121).png,1,0.16328125,0.5208333333333334,0.015625,0.03611111111111111
EinzelnerReiter3_frame(121).png,2,0.16328125,0.505,0.012,0.03611111111111111
