image,label,x,y,width,height
EinzelnerReiterOutdoor3_frame(57).png,1,0.6518229166666667,0.5518518518518518,0.012760416666666666,0.0412037037037037
EinzelnerReiterOutdoor3_frame(57).png,2,0.6515625,0.5333333333333333,0.01171875,0.0375
