image,label,x,y,width,height
EinzelnerReiter2_frame(99).png,2,0.09270833333333334,0.5,0.018489583333333334,0.06944444444444445
EinzelnerReiter2_frame(99).png,1,0.09583333333333334,0.5310185185185186,0.04375,0.08287037037037037
