image,label,x,y,width,height
EinzelnerReiter2_frame(51).png,2,0.27317708333333335,0.5009259259259259,0.013020833333333334,0.041666666666666664
EinzelnerReiter2_frame(51).png,1,0.27291666666666664,0.5217592592592593,0.013802083333333333,0.04722222222222222
