image,label,x,y,width,height
EinzelnerReiter2_frame(87).png,2,0.3489583333333333,0.5046296296296297,0.01953125,0.07916666666666666
EinzelnerReiter2_frame(87).png,1,0.35208333333333336,0.5412037037037037,0.03984375,0.07962962962962963
