image,label,x,y,width,height
EinzelnerReiter3_frame(114).png,1,0.03203125,0.5212962962962963,0.037760416666666664,0.048
EinzelnerReiter3_frame(114).png,2,0.03203125,0.505,0.014,0.045
