image,label,x,y,width,height
EinzelnerReiter2_frame(10).png,1,0.7122395833333334,0.5787037037037037,0.10963541666666667,0.16435185185185186
