image,label,x,y,width,height
EinzelnerReiter2_frame(142).png,1,0.11640625,0.5175925925925926,0.026822916666666665,0.06018518518518518
EinzelnerReiter2_frame(142).png,2,0.11614583333333334,0.4949074074074074,0.011458333333333333,0.053703703703703705
