image,label,x,y,width,height
EinzelnerReiter2_frame(39).png,1,0.2078125,0.5217592592592593,0.025,0.03564814814814815
EinzelnerReiter2_frame(39).png,2,0.2078125,0.51,0.01,0.033
