image,label,x,y,width,height
EinzelnerReiter3_frame(61).png,1,0.22317708333333333,0.5231481481481481,0.020572916666666666,0.05092592592592592
EinzelnerReiter3_frame(61).png,2,0.22239583333333332,0.5027777777777778,0.012239583333333333,0.04398148148148148
