image,label,x,y,width,height
EinzelnerReiterOutdoor_frame(2).png,1,0.45260416666666664,0.5611111111111111,0.027083333333333334,0.04722222222222222
EinzelnerReiterOutdoor_frame(2).png,2,0.45208333333333334,0.5375,0.0125,0.044444444444444446
