image,label,x,y,width,height
EinzelnerReiter2_frame(36).png,1,0.12916666666666668,0.5226851851851851,0.04,0.03935185185185185
EinzelnerReiter2_frame(36).png,2,0.12916666666666668,0.51,0.01,0.04
