image,label,x,y,width,height
EinzelnerReiter3_frame(103).png,2,0.21953125,0.5037037037037037,0.013802083333333333,0.05277777777777778
EinzelnerReiter3_frame(103).png,1,0.22135416666666666,0.5259259259259259,0.03515625,0.059722222222222225
