image,label,x,y,width,height
EinzelnerReiter2_frame(78).png,2,0.5927083333333333,0.5055555555555555,0.013802083333333333,0.06851851851851852
EinzelnerReiter2_frame(78).png,1,0.5986979166666667,0.537962962962963,0.058854166666666666,0.07592592592592592
