image,label,x,y,width,height
EinzelnerReiter3_frame(56).png,1,0.18072916666666666,0.5212962962962963,0.016927083333333332,0.040740740740740744
EinzelnerReiter3_frame(56).png,2,0.18020833333333333,0.5009259259259259,0.009635416666666667,0.04351851851851852
