image,label,x,y,width,height
EinzelnerReiter2_frame(173).png,2,0.19140625,0.4986111111111111,0.032552083333333336,0.11666666666666667
EinzelnerReiter2_frame(173).png,1,0.18854166666666666,0.5541666666666667,0.043229166666666666,0.11481481481481481
