image,label,x,y,width,height
EinzelnerReiter3_frame(77).png,2,0.28958333333333336,0.5013888888888889,0.013802083333333333,0.04953703703703704
EinzelnerReiter3_frame(77).png,1,0.2911458333333333,0.5277777777777778,0.025,0.06296296296296296
