image,label,x,y,width,height
EinzelnerReiter3_frame(157).png,1,0.34765625,0.5791666666666667,0.184375,0.25601851851851853
EinzelnerReiter3_frame(157).png,2,0.35234375,0.47638888888888886,0.03359375,0.17592592592592593
