image,label,x,y,width,height
EinzelnerReiterOutdoor_frame(87).png,1,0.6583333333333333,0.5458333333333333,0.027864583333333335,0.0375
EinzelnerReiterOutdoor_frame(87).png,2,0.6552083333333333,0.5314814814814814,0.01484375,0.03425925925925926
