image,label,x,y,width,height
EinzelnerReiter_frame(44).png,1,0.6078125,0.5351851851851852,0.04192708333333333,0.04027777777777778
EinzelnerReiter_frame(44).png,2,0.6067708333333334,0.5148148148148148,0.00703125,0.05
