image,label,x,y,width,height
EinzelnerReiter3_frame(96).png,2,0.5294270833333333,0.5097222222222222,0.01640625,0.06620370370370371
EinzelnerReiter3_frame(96).png,1,0.5333333333333333,0.5375,0.06953125,0.07175925925925926
