image,label,x,y,width,height
EinzelnerReiterOutdoor_frame(101).png,2,0.7841145833333333,0.5324074074074074,0.013020833333333334,0.044444444444444446
EinzelnerReiterOutdoor_frame(101).png,1,0.7833333333333333,0.5564814814814815,0.021354166666666667,0.047685185185185185
