image,label,x,y,width,height
EinzelnerReiterOutdoor3_frame(83).png,2,0.46197916666666666,0.5398148148148149,0.013020833333333334,0.04259259259259259
EinzelnerReiterOutdoor3_frame(83).png,1,0.4609375,0.562962962962963,0.02265625,0.046296296296296294
