image,label,x,y,width,height
EinzelnerReiterOutdoor_frame(96).png,1,0.5611979166666666,0.5685185185185185,0.04895833333333333,0.05
EinzelnerReiterOutdoor_frame(96).png,2,0.5630208333333333,0.5439814814814815,0.0109375,0.05277777777777778
