image,label,x,y,width,height
EinzelnerReiterOutdoor_frame(34).png,2,0.7955729166666666,0.5268518518518519,0.0109375,0.04351851851851852
EinzelnerReiterOutdoor_frame(34).png,1,0.7963541666666667,0.5435185185185185,0.016145833333333335,0.0375
