image,label,x,y,width,height
EinzelnerReiter2_frame(127).png,1,0.218,0.5217592592592593,0.027,0.03564814814814815
EinzelnerReiter2_frame(127).png,2,0.218,0.51,0.012,0.034
