image,label,x,y,width,height
EinzelnerReiter2_frame(4).png,2,0.45546875,0.5,0.0171875,0.07175925925925926
EinzelnerReiter2_frame(4).png,1,0.4505208333333333,0.5375,0.044270833333333336,0.08148148148148149
