image,label,x,y,width,height
EinzelnerReiterOutdoor3_frame(50).png,1,0.6997395833333333,0.5416666666666666,0.013802083333333333,0.033796296296296297
EinzelnerReiterOutdoor3_frame(50).png,2,0.6997395833333333,0.53,0.01,0.033796296296296297
