image,label,x,y,width,height
EinzelnerReiter3_frame(99).png,2,0.37447916666666664,0.5050925925925925,0.015364583333333333,0.06296296296296296
EinzelnerReiter3_frame(99).png,1,0.3770833333333333,0.5319444444444444,0.04453125,0.06620370370370371
