image,label,x,y,width,height
EinzelnerReiterOutdoor3_frame(55).png,2,0.6622395833333333,0.5328703703703703,0.01171875,0.03611111111111111
EinzelnerReiterOutdoor3_frame(55).png,1,0.6614583333333334,0.5513888888888889,0.0140625,0.03981481481481482
