image,label,x,y,width,height
EinzelnerReiterOutdoor3_frame(21).png,2,0.4703125,0.5486111111111112,0.021875,0.08796296296296297
EinzelnerReiterOutdoor3_frame(21).png,1,0.4703125,0.5921296296296297,0.052083333333333336,0.09537037037037037
