image,label,x,y,width,height
EinzelnerReiter2_frame(138).png,1,0.040625,0.5273148148148148,0.030208333333333334,0.06435185185185185
EinzelnerReiter2_frame(138).png,2,0.03828125,0.5027777777777778,0.01640625,0.055092592592592596
