image,label,x,y,width,height
EinzelnerReiter2_frame(143).png,1,0.13776041666666666,0.5226851851851851,0.03229166666666667,0.07083333333333333
EinzelnerReiter2_frame(143).png,2,0.140625,0.4962962962962963,0.013541666666666667,0.06018518518518518
