image,label,x,y,width,height
EinzelnerReiterOutdoor_frame(82).png,2,0.7924479166666667,0.5361111111111111,0.01328125,0.05324074074074074
EinzelnerReiterOutdoor_frame(82).png,1,0.7942708333333334,0.5574074074074075,0.016666666666666666,0.043055555555555555
