image,label,x,y,width,height
EinzelnerReiter3_frame(3).png,1,0.43072916666666666,0.5268518518518519,0.04973958333333333,0.053703703703703705
EinzelnerReiter3_frame(3).png,2,0.4315104166666667,0.5041666666666667,0.01015625,0.04490740740740741
