image,label,x,y,width,height
EinzelnerReiterOutdoor_frame(23).png,2,0.5518229166666667,0.5328703703703703,0.009895833333333333,0.03194444444444444
EinzelnerReiterOutdoor_frame(23).png,1,0.5510416666666667,0.5513888888888889,0.016145833333333335,0.03148148148148148
