image,label,x,y,width,height
EinzelnerReiterOutdoor3_frame(59).png,1,0.6463541666666667,0.5537037037037037,0.0125,0.03981481481481482
EinzelnerReiterOutdoor3_frame(59).png,2,0.6455729166666667,0.5347222222222222,0.0109375,0.034722222222222224
