image,label,x,y,width,height
EinzelnerReiter3_frame(101).png,2,0.29140625,0.5060185185185185,0.015104166666666667,0.05462962962962963
EinzelnerReiter3_frame(101).png,1,0.29453125,0.5305555555555556,0.04375,0.060648148148148145
