image,label,x,y,width,height
EinzelnerReiter3_frame(95).png,2,0.5877604166666667,0.5069444444444444,0.015885416666666666,0.06342592592592593
EinzelnerReiter3_frame(95).png,1,0.58828125,0.5375,0.06822916666666666,0.07777777777777778
