image,label,x,y,width,height
EinzelnerReiter3_frame(43).png,1,0.303125,0.524074074074074,0.0171875,0.031018518518518518
EinzelnerReiter3_frame(43).png,2,0.303125,0.504,0.01,0.031018518518518518
