image,label,x,y,width,height
EinzelnerReiterOutdoor3_frame(32).png,1,0.4588541666666667,0.5634259259259259,0.0234375,0.044444444444444446
EinzelnerReiterOutdoor3_frame(32).png,2,0.46041666666666664,0.5375,0.0125,0.04490740740740741
