image,label,x,y,width,height
EinzelnerReiterOutdoor_frame(20).png,1,0.5065104166666666,0.5606481481481481,0.014322916666666666,0.0412037037037037
EinzelnerReiterOutdoor_frame(20).png,2,0.5065104166666666,0.5388888888888889,0.009635416666666667,0.03657407407407407
