image,label,x,y,width,height
EinzelnerReiter3_frame(2).png,2,0.39427083333333335,0.5037037037037037,0.01171875,0.04722222222222222
EinzelnerReiter3_frame(2).png,1,0.4005208333333333,0.5259259259259259,0.035416666666666666,0.06111111111111111
