image,label,x,y,width,height
EinzelnerReiterOutdoor3_frame(30).png,1,0.39557291666666666,0.5675925925925925,0.030989583333333334,0.050462962962962966
EinzelnerReiterOutdoor3_frame(30).png,2,0.39114583333333336,0.5416666666666666,0.012760416666666666,0.05185185185185185
