image,label,x,y,width,height
EinzelnerReiter2_frame(115).png,1,0.17916666666666667,0.5203703703703704,0.033854166666666664,0.044444444444444446
EinzelnerReiter2_frame(115).png,2,0.17916666666666667,0.5013888888888889,0.010677083333333334,0.04259259259259259
