image,label,x,y,width,height
EinzelnerReiterOutdoor3_frame(18).png,2,0.5731770833333333,0.5439814814814815,0.015104166666666667,0.05324074074074074
EinzelnerReiterOutdoor3_frame(18).png,1,0.5747395833333333,0.5699074074074074,0.021354166666666667,0.05555555555555555
