image,label,x,y,width,height
EinzelnerReiter_frame(89).png,1,0.128125,0.5615740740740741,0.10052083333333334,0.125
EinzelnerReiter_frame(89).png,2,0.13255208333333332,0.5046296296296297,0.018229166666666668,0.11157407407407408
