image,label,x,y,width,height
EinzelnerReiter2_frame(77).png,2,0.64375,0.5060185185185185,0.01640625,0.06898148148148148
EinzelnerReiter2_frame(77).png,1,0.647,0.53,0.058,0.08
