image,label,x,y,width,height
EinzelnerReiter_frame(81).png,1,0.57421875,0.5282407407407408,0.013020833333333334,0.03425925925925926
EinzelnerReiter_frame(81).png,2,0.5731770833333333,0.5106481481481482,0.0078125,0.03009259259259259
