image,label,x,y,width,height
EinzelnerReiter3_frame(53).png,1,0.1671875,0.5199074074074074,0.01484375,0.033796296296296297
EinzelnerReiter3_frame(53).png,2,0.1671875,0.504,0.01,0.033796296296296297
