image,label,x,y,width,height
EinzelnerReiter_frame(96).png,1,0.87109375,0.6342592592592593,0.1703125,0.2847222222222222
EinzelnerReiter_frame(96).png,2,0.9138020833333333,0.5143518518518518,0.06380208333333333,0.24768518518518517
