image,label,x,y,width,height
EinzelnerReiter3_frame(133).png,2,0.25416666666666665,0.4976851851851852,0.01484375,0.05462962962962963
EinzelnerReiter3_frame(133).png,1,0.25390625,0.5263888888888889,0.03854166666666667,0.06620370370370371
