image,label,x,y,width,height
EinzelnerReiter_frame(23).png,1,0.4940104166666667,0.5356481481481481,0.01484375,0.05648148148148148
EinzelnerReiter_frame(23).png,2,0.49244791666666665,0.5106481481481482,0.014322916666666666,0.04814814814814815
