image,label,x,y,width,height
EinzelnerReiter2_frame(58).png,2,0.24609375,0.49953703703703706,0.020572916666666666,0.07175925925925926
EinzelnerReiter2_frame(58).png,1,0.24453125,0.5319444444444444,0.02421875,0.08055555555555556
