image,label,x,y,width,height
EinzelnerReiterOutdoor3_frame(64).png,2,0.6388020833333333,0.5337962962962963,0.015364583333333333,0.04027777777777778
EinzelnerReiterOutdoor3_frame(64).png,1,0.6395833333333333,0.5550925925925926,0.016666666666666666,0.04675925925925926
