image,label,x,y,width,height
EinzelnerReiter2_frame(93).png,1,0.3625,0.5375,0.06145833333333333,0.07592592592592592
EinzelnerReiter2_frame(93).png,2,0.3546875,0.5027777777777778,0.019270833333333334,0.06620370370370371
