image,label,x,y,width,height
EinzelnerReiter_frame(83).png,1,0.521875,0.5333333333333333,0.028385416666666666,0.05
EinzelnerReiter_frame(83).png,2,0.521875,0.515,0.015,0.05
