image,label,x,y,width,height
EinzelnerReiter_frame(50).png,1,0.6421875,0.5458333333333333,0.053385416666666664,0.07
EinzelnerReiter_frame(50).png,2,0.6481770833333333,0.512962962962963,0.0109375,0.059722222222222225
