image,label,x,y,width,height
EinzelnerReiter3_frame(54).png,1,0.16979166666666667,0.5189814814814815,0.018489583333333334,0.038425925925925926
EinzelnerReiter3_frame(54).png,2,0.17005208333333333,0.5018518518518519,0.009635416666666667,0.03935185185185185
