image,label,x,y,width,height
EinzelnerReiterOutdoor_frame(9).png,2,0.39609375,0.5708333333333333,0.03125,0.14305555555555555
EinzelnerReiterOutdoor_frame(9).png,1,0.3919270833333333,0.6393518518518518,0.11848958333333333,0.15555555555555556
