image,label,x,y,width,height
EinzelnerReiter3_frame(6).png,1,0.55859375,0.5328703703703703,0.05234375,0.06712962962962964
EinzelnerReiter3_frame(6).png,2,0.5598958333333334,0.5055555555555555,0.013020833333333334,0.05694444444444444
