image,label,x,y,width,height
EinzelnerReiter2_frame(98).png,2,0.13411458333333334,0.5027777777777778,0.020052083333333335,0.09305555555555556
EinzelnerReiter2_frame(98).png,1,0.14140625,0.538425925925926,0.05703125,0.09166666666666666
