image,label,x,y,width,height
EinzelnerReiter3_frame(151).png,2,0.18776041666666668,0.5,0.02890625,0.10462962962962963
EinzelnerReiter3_frame(151).png,1,0.18776041666666668,0.5467592592592593,0.03854166666666667,0.0962962962962963
