image,label,x,y,width,height
EinzelnerReiter3_frame(69).png,2,0.2671875,0.49953703703703706,0.013541666666666667,0.04814814814814815
EinzelnerReiter3_frame(69).png,1,0.2682291666666667,0.524074074074074,0.019270833333333334,0.05787037037037037
