image,label,x,y,width,height
EinzelnerReiter_frame(97).png,1,0.9723958333333333,0.625,0.051041666666666666,0.17037037037037037
