image,label,x,y,width,height
EinzelnerReiterOutdoor_frame(21).png,1,0.5140625,0.5601851851851852,0.015104166666666667,0.033796296296296297
EinzelnerReiterOutdoor_frame(21).png,2,0.5153645833333333,0.5388888888888889,0.009895833333333333,0.03194444444444444
