image,label,x,y,width,height
EinzelnerReiterOutdoor_frame(36).png,2,0.7854166666666667,0.525,0.011458333333333333,0.037
EinzelnerReiterOutdoor_frame(36).png,1,0.78515625,0.5449074074074074,0.0171875,0.03888888888888889
