image,label,x,y,width,height
EinzelnerReiter2_frame(60).png,2,0.2265625,0.5055555555555555,0.024479166666666666,0.09027777777777778
EinzelnerReiter2_frame(60).png,1,0.22526041666666666,0.5453703703703704,0.0296875,0.0875
