image,label,x,y,width,height
EinzelnerReiter3_frame(129).png,2,0.23828125,0.5046296296296297,0.012760416666666666,0.044444444444444446
EinzelnerReiter3_frame(129).png,1,0.23932291666666666,0.524074074074074,0.016145833333333335,0.05555555555555555
