image,label,x,y,width,height
EinzelnerReiter2_frame(170).png,2,0.22161458333333334,0.4976851851851852,0.051041666666666666,0.1726851851851852
EinzelnerReiter2_frame(170).png,1,0.22708333333333333,0.5810185185185185,0.07057291666666667,0.17962962962962964
