image,label,x,y,width,height
EinzelnerReiter_frame(92).png,1,0.04479166666666667,0.6041666666666666,0.08958333333333333,0.30462962962962964
EinzelnerReiter_frame(92).png,2,0.01953125,0.4925925925925926,0.028645833333333332,0.22870370370370371
