image,label,x,y,width,height
EinzelnerReiter3_frame(80).png,2,0.34869791666666666,0.5041666666666667,0.016927083333333332,0.06805555555555555
EinzelnerReiter3_frame(80).png,1,0.35234375,0.538425925925926,0.042708333333333334,0.0712962962962963
