image,label,x,y,width,height
EinzelnerReiterOutdoor3_frame(85).png,1,0.51484375,0.5592592592592592,0.017447916666666667,0.03333333333333333
EinzelnerReiterOutdoor3_frame(85).png,2,0.515625,0.538425925925926,0.010677083333333334,0.033796296296296297
