image,label,x,y,width,height
EinzelnerReiter3_frame(83).png,1,0.44947916666666665,0.5439814814814815,0.05755208333333333,0.09398148148148149
EinzelnerReiter3_frame(83).png,2,0.4518229166666667,0.4962962962962963,0.01953125,0.0875
