image,label,x,y,width,height
EinzelnerReiter3_frame(38).png,1,0.3234375,0.5226851851851851,0.015364583333333333,0.03935185185185185
EinzelnerReiter3_frame(38).png,2,0.32369791666666664,0.5050925925925925,0.01171875,0.03518518518518519
