image,label,x,y,width,height
EinzelnerReiterOutdoor3_frame(15).png,2,0.6265625,0.5347222222222222,0.0125,0.03518518518518519
EinzelnerReiterOutdoor3_frame(15).png,1,0.6270833333333333,0.5550925925925926,0.013541666666666667,0.04351851851851852
