image,label,x,y,width,height
EinzelnerReiter_frame(39).png,1,0.7533854166666667,0.5453703703703704,0.04375,0.06712962962962964
EinzelnerReiter_frame(39).png,2,0.7479166666666667,0.5143518518518518,0.013541666666666667,0.06296296296296296
