image,label,x,y,width,height
EinzelnerReiter3_frame(94).png,1,0.65,0.538425925925926,0.06,0.0763888888888889
EinzelnerReiter3_frame(94).png,2,0.6489583333333333,0.5087962962962963,0.015625,0.0699074074074074
