image,label,x,y,width,height
EinzelnerReiterOutdoor_frame(60).png,1,0.6104166666666667,0.5541666666666667,0.0265625,0.04351851851851852
EinzelnerReiterOutdoor_frame(60).png,2,0.6106770833333334,0.5337962962962963,0.013020833333333334,0.03935185185185185
