image,label,x,y,width,height
EinzelnerReiterOutdoor3_frame(56).png,1,0.65625,0.5513888888888889,0.014583333333333334,0.03981481481481482
EinzelnerReiterOutdoor3_frame(56).png,2,0.6567708333333333,0.5351851851851852,0.0125,0.032407407407407406
