image,label,x,y,width,height
EinzelnerReiter_frame(40).png,2,0.7184895833333333,0.5120370370370371,0.013541666666666667,0.05694444444444444
EinzelnerReiter_frame(40).png,1,0.7229166666666667,0.5412037037037037,0.0375,0.06342592592592593
