image,label,x,y,width,height
EinzelnerReiterOutdoor3_frame(37).png,1,0.581,0.5513888888888889,0.01796875,0.035
EinzelnerReiterOutdoor3_frame(37).png,2,0.581,0.5333333333333333,0.01,0.03425925925925926
