image,label,x,y,width,height
EinzelnerReiter3_frame(127).png,1,0.21510416666666668,0.5226851851851851,0.015364583333333333,0.047685185185185185
EinzelnerReiter3_frame(127).png,2,0.21510416666666668,0.5050925925925925,0.0140625,0.04398148148148148
