image,label,x,y,width,height
EinzelnerReiter_frame(56).png,1,0.62734375,0.5319444444444444,0.017708333333333333,0.04
EinzelnerReiter_frame(56).png,2,0.6244791666666667,0.5120370370370371,0.008854166666666666,0.032407407407407406
