image,label,x,y,width,height
EinzelnerReiter3_frame(21).png,2,0.30364583333333334,0.4759259259259259,0.051041666666666666,0.19537037037037036
EinzelnerReiter3_frame(21).png,1,0.31927083333333334,0.5787037037037037,0.10390625,0.2300925925925926
