image,label,x,y,width,height
EinzelnerReiterOutdoor_frame(75).png,2,0.7473958333333334,0.5550925925925926,0.029947916666666668,0.09768518518518518
EinzelnerReiterOutdoor_frame(75).png,1,0.7458333333333333,0.6032407407407407,0.03359375,0.1050925925925926
