image,label,x,y,width,height
EinzelnerReiter3_frame(4).png,1,0.475,0.5305555555555556,0.04765625,0.05925925925925926
EinzelnerReiter3_frame(4).png,2,0.4747395833333333,0.5009259259259259,0.009375,0.05324074074074074
