image,label,x,y,width,height
EinzelnerReiter3_frame(136).png,2,0.13333333333333333,0.4976851851851852,0.019791666666666666,0.07916666666666666
EinzelnerReiter3_frame(136).png,1,0.13671875,0.5328703703703703,0.04921875,0.08148148148148149
