image,label,x,y,width,height
EinzelnerReiter3_frame(147).png,2,0.24765625,0.5013888888888889,0.016666666666666666,0.06481481481481481
EinzelnerReiter3_frame(147).png,1,0.24817708333333333,0.5282407407407408,0.02578125,0.07083333333333333
