image,label,x,y,width,height
EinzelnerReiter3_frame(126).png,1,0.20494791666666667,0.5231481481481481,0.0140625,0.043055555555555555
EinzelnerReiter3_frame(126).png,2,0.2046875,0.5050925925925925,0.010677083333333334,0.038425925925925926
