image,label,x,y,width,height
EinzelnerReiter2_frame(57).png,1,0.24973958333333332,0.5328703703703703,0.022395833333333334,0.0712962962962963
EinzelnerReiter2_frame(57).png,2,0.25052083333333336,0.49675925925925923,0.017708333333333333,0.07453703703703704
