image,label,x,y,width,height
EinzelnerReiterOutdoor_frame(38).png,1,0.7114583333333333,0.5513888888888889,0.039322916666666666,0.04398148148148148
EinzelnerReiterOutdoor_frame(38).png,2,0.7127604166666667,0.5314814814814814,0.013541666666666667,0.041666666666666664
