image,label,x,y,width,height
EinzelnerReiterOutdoor_frame(55).png,1,0.77421875,0.5435185185185185,0.015364583333333333,0.03564814814814815
EinzelnerReiterOutdoor_frame(55).png,2,0.7729166666666667,0.5277777777777778,0.012239583333333333,0.03611111111111111
