image,label,x,y,width,height
EinzelnerReiterOutdoor_frame(5).png,2,0.25,0.5574074074074075,0.016145833333333335,0.06574074074074074
EinzelnerReiterOutdoor_frame(5).png,1,0.24817708333333333,0.5884259259259259,0.05130208333333333,0.06898148148148148
