image,label,x,y,width,height
EinzelnerReiter2_frame(120).png,1,0.22109375,0.5217592592592593,0.026302083333333334,0.0412037037037037
EinzelnerReiter2_frame(120).png,2,0.221875,0.5055555555555555,0.014322916666666666,0.03935185185185185
