image,label,x,y,width,height
EinzelnerReiter3_frame(142).png,1,0.21666666666666667,0.5314814814814814,0.04791666666666667,0.053703703703703705
EinzelnerReiter3_frame(142).png,2,0.21953125,0.5023148148148148,0.0109375,0.056018518518518516
