image,label,x,y,width,height
EinzelnerReiter3_frame(7).png,2,0.6057291666666667,0.5078703703703704,0.013541666666666667,0.06018518518518518
EinzelnerReiter3_frame(7).png,1,0.60625,0.5361111111111111,0.0640625,0.07083333333333333
