image,label,x,y,width,height
EinzelnerReiter3_frame(135).png,1,0.18385416666666668,0.5314814814814814,0.0625,0.0699074074074074
EinzelnerReiter3_frame(135).png,2,0.17786458333333333,0.5023148148148148,0.01796875,0.075
