image,label,x,y,width,height
EinzelnerReiter3_frame(18).png,2,0.5036458333333333,0.4787037037037037,0.040364583333333336,0.21805555555555556
EinzelnerReiter3_frame(18).png,1,0.5028645833333333,0.5851851851851851,0.20755208333333333,0.2564814814814815
