image,label,x,y,width,height
EinzelnerReiter3_frame(31).png,2,0.31953125,0.5078703703703704,0.01953125,0.06805555555555555
EinzelnerReiter3_frame(31).png,1,0.3203125,0.5398148148148149,0.022395833333333334,0.06944444444444445
