image,label,x,y,width,height
EinzelnerReiter_frame(36).png,1,0.8971354166666666,0.562037037037037,0.07526041666666666,0.10046296296296296
EinzelnerReiter_frame(36).png,2,0.89140625,0.5120370370370371,0.022395833333333334,0.09351851851851851
