image,label,x,y,width,height
EinzelnerReiterOutdoor_frame(78).png,2,0.7776041666666667,0.5370370370370371,0.01875,0.0699074074074074
EinzelnerReiterOutdoor_frame(78).png,1,0.7783854166666667,0.5694444444444444,0.018489583333333334,0.06851851851851852
