image,label,x,y,width,height
EinzelnerReiterOutdoor_frame(68).png,2,0.1484375,0.5685185185185185,0.023958333333333335,0.09259259259259259
EinzelnerReiterOutdoor_frame(68).png,1,0.14505208333333333,0.6125,0.036458333333333336,0.09583333333333334
