image,label,x,y,width,height
EinzelnerReiter3_frame(144).png,2,0.2578125,0.5,0.015364583333333333,0.05092592592592592
EinzelnerReiter3_frame(144).png,1,0.25885416666666666,0.5236111111111111,0.02265625,0.060648148148148145
