image,label,x,y,width,height
EinzelnerReiter_frame(75).png,1,0.5458333333333333,0.5259259259259259,0.025,0.035
EinzelnerReiter_frame(75).png,2,0.5458333333333333,0.51,0.012,0.03
