image,label,x,y,width,height
EinzelnerReiter_frame(67).png,1,0.4609375,0.5259259259259259,0.012760416666666666,0.03148148148148148
EinzelnerReiter_frame(67).png,2,0.4596354166666667,0.5097222222222222,0.008333333333333333,0.029166666666666667
