image,label,x,y,width,height
EinzelnerReiterOutdoor_frame(76).png,2,0.7614583333333333,0.549074074074074,0.023177083333333334,0.09166666666666666
EinzelnerReiterOutdoor_frame(76).png,1,0.7591145833333334,0.5916666666666667,0.03046875,0.09259259259259259
