image,label,x,y,width,height
EinzelnerReiter2_frame(90).png,1,0.39557291666666666,0.538425925925926,0.055989583333333336,0.07361111111111111
EinzelnerReiter2_frame(90).png,2,0.4041666666666667,0.5013888888888889,0.018229166666666668,0.06574074074074074
