image,label,x,y,width,height
EinzelnerReiterOutdoor3_frame(35).png,1,0.5341145833333333,0.5546296296296296,0.016927083333333332,0.03009259259259259
EinzelnerReiterOutdoor3_frame(35).png,2,0.5346354166666667,0.5365740740740741,0.0109375,0.032407407407407406
