image,label,x,y,width,height
EinzelnerReiter2_frame(79).png,2,0.5432291666666667,0.5037037037037037,0.01328125,0.06342592592592593
EinzelnerReiter2_frame(79).png,1,0.5463541666666667,0.5347222222222222,0.05234375,0.07268518518518519
