image,label,x,y,width,height
EinzelnerReiter2_frame(167).png,1,0.5716145833333334,0.586574074074074,0.15520833333333334,0.22592592592592592
EinzelnerReiter2_frame(167).png,2,0.57265625,0.49166666666666664,0.03463541666666667,0.17175925925925925
