image,label,x,y,width,height
EinzelnerReiterOutdoor_frame(27).png,1,0.615,0.5439814814814815,0.016927083333333332,0.02962962962962963
EinzelnerReiterOutdoor_frame(26).png,2,0.617,0.534,0.008,0.029
