image,label,x,y,width,height
EinzelnerReiter2_frame(110).png,2,0.17447916666666666,0.5,0.011197916666666667,0.04398148148148148
EinzelnerReiter2_frame(110).png,1,0.17291666666666666,0.5217592592592593,0.0265625,0.04398148148148148
