image,label,x,y,width,height
EinzelnerReiterOutdoor_frame(79).png,1,0.7869791666666667,0.5694444444444444,0.02421875,0.05925925925925926
EinzelnerReiterOutdoor_frame(79).png,2,0.78671875,0.5416666666666666,0.017447916666666667,0.06805555555555555
