image,label,x,y,width,height
EinzelnerReiter2_frame(42).png,1,0.2609375,0.5189814814814815,0.021354166666666667,0.03657407407407407
EinzelnerReiter2_frame(42).png,2,0.2596354166666667,0.5041666666666667,0.011197916666666667,0.033796296296296297
