image,label,x,y,width,height
EinzelnerReiter_frame(69).png,1,0.46640625,0.524537037037037,0.021354166666666667,0.035
EinzelnerReiter_frame(69).png,2,0.46640625,0.51,0.012,0.035