image,label,x,y,width,height
EinzelnerReiter2_frame(26).png,2,0.11302083333333333,0.5018518518518519,0.013541666666666667,0.04861111111111111
EinzelnerReiter2_frame(26).png,1,0.11432291666666666,0.5236111111111111,0.03359375,0.053703703703703705
