image,label,x,y,width,height
EinzelnerReiterOutdoor3_frame(40).png,1,0.605,0.5444444444444444,0.015,0.031018518518518518
EinzelnerReiterOutdoor3_frame(40).png,2,0.6049479166666667,0.5282407407407408,0.01,0.03425925925925926
