image,label,x,y,width,height
EinzelnerReiter2_frame(172).png,1,0.17682291666666666,0.5689814814814815,0.04505208333333333,0.1449074074074074
EinzelnerReiter2_frame(172).png,2,0.17916666666666667,0.49953703703703706,0.040364583333333336,0.1361111111111111
