image,label,x,y,width,height
EinzelnerReiterOutdoor3_frame(17).png,1,0.5971354166666667,0.5625,0.022135416666666668,0.05462962962962963
EinzelnerReiterOutdoor3_frame(17).png,2,0.5979166666666667,0.5393518518518519,0.01484375,0.05185185185185185
