image,label,x,y,width,height
EinzelnerReiter2_frame(140).png,1,0.07760416666666667,0.5175925925925926,0.026822916666666665,0.050462962962962966
EinzelnerReiter2_frame(140).png,2,0.07708333333333334,0.4976851851851852,0.013541666666666667,0.05138888888888889
