image,label,x,y,width,height
EinzelnerReiter2_frame(6).png,2,0.4934895833333333,0.5027777777777778,0.020833333333333332,0.0912037037037037
EinzelnerReiter2_frame(6).png,1,0.4901041666666667,0.54,0.05260416666666667,0.1
