image,label,x,y,width,height
EinzelnerReiterOutdoor3_frame(86).png,2,0.5361979166666667,0.5351851851851852,0.011979166666666667,0.03425925925925926
EinzelnerReiterOutdoor3_frame(86).png,1,0.5356770833333333,0.5541666666666667,0.01875,0.032407407407407406
