image,label,x,y,width,height
EinzelnerReiterOutdoor_frame(22).png,2,0.5330729166666667,0.5342592592592592,0.009114583333333334,0.03009259259259259
EinzelnerReiterOutdoor_frame(22).png,1,0.5315104166666667,0.5527777777777778,0.01484375,0.03287037037037037
