image,label,x,y,width,height
EinzelnerReiter2_frame(96).png,2,0.23619791666666667,0.5023148148148148,0.015625,0.0712962962962963
EinzelnerReiter2_frame(96).png,1,0.23984375,0.5361111111111111,0.06875,0.07222222222222222
