image,label,x,y,width,height
EinzelnerReiter2_frame(91).png,2,0.39817708333333335,0.5069444444444444,0.018229166666666668,0.05925925925925926
EinzelnerReiter2_frame(91).png,1,0.4005208333333333,0.537962962962963,0.028385416666666666,0.07407407407407407
