image,label,x,y,width,height
EinzelnerReiter_frame(8).png,2,0.48802083333333335,0.5083333333333333,0.011458333333333333,0.043055555555555555
EinzelnerReiter_frame(8).png,1,0.4890625,0.5319444444444444,0.011458333333333333,0.05277777777777778
