image,label,x,y,width,height
EinzelnerReiter2_frame(150).png,1,0.32864583333333336,0.5277777777777778,0.05182291666666667,0.07222222222222222
EinzelnerReiter2_frame(150).png,2,0.33,0.5,0.019010416666666665,0.05648148148148148
