image,label,x,y,width,height
EinzelnerReiter2_frame(21).png,2,0.3380208333333333,0.5009259259259259,0.015885416666666666,0.05185185185185185
EinzelnerReiter2_frame(21).png,1,0.3421875,0.5222222222222223,0.040625,0.05787037037037037
