image,label,x,y,width,height
EinzelnerReiter2_frame(131).png,1,0.11901041666666666,0.5212962962962963,0.030729166666666665,0.037037037037037035
EinzelnerReiter2_frame(131).png,2,0.11458333333333333,0.5064814814814815,0.0109375,0.03981481481481482
