image,label,x,y,width,height
EinzelnerReiterOutdoor_frame(58).png,1,0.6872395833333333,0.5458333333333333,0.022395833333333334,0.04351851851851852
EinzelnerReiterOutdoor_frame(58).png,2,0.6872395833333333,0.5296296296296297,0.013541666666666667,0.0375
