image,label,x,y,width,height
EinzelnerReiter2_frame(65).png,2,0.2716145833333333,0.4837962962962963,0.03802083333333333,0.20046296296296295
EinzelnerReiter2_frame(65).png,1,0.26953125,0.5787037037037037,0.14583333333333334,0.2222222222222222
