image,label,x,y,width,height
EinzelnerReiterOutdoor_frame(54).png,1,0.79375,0.5430555555555555,0.017447916666666667,0.033796296296296297
EinzelnerReiterOutdoor_frame(54).png,2,0.7940104166666667,0.525,0.010416666666666666,0.037037037037037035
