image,label,x,y,width,height
EinzelnerReiterOutdoor_frame(44).png,1,0.6078125,0.5444444444444444,0.01484375,0.027314814814814816
EinzelnerReiterOutdoor_frame(44).png,2,0.60859375,0.5282407407407408,0.011197916666666667,0.027314814814814816
