image,label,x,y,width,height
EinzelnerReiter3_frame(108).png,2,0.07682291666666667,0.5023148148148148,0.012760416666666666,0.04398148148148148
EinzelnerReiter3_frame(108).png,1,0.07838541666666667,0.5180555555555556,0.028125,0.04675925925925926
