image,label,x,y,width,height
EinzelnerReiter3_frame(76).png,2,0.27734375,0.49953703703703706,0.014583333333333334,0.050462962962962966
EinzelnerReiter3_frame(76).png,1,0.27760416666666665,0.5226851851851851,0.022135416666666668,0.062037037037037036
