image,label,x,y,width,height
EinzelnerReiter_frame(30).png,1,0.6375,0.6231481481481481,0.21666666666666667,0.24074074074074073
EinzelnerReiter_frame(30).png,2,0.6388020833333333,0.5185185185185185,0.03177083333333333,0.22824074074074074
