image,label,x,y,width,height
EinzelnerReiter2_frame(67).png,1,0.5096354166666667,0.5879629629629629,0.2,0.25833333333333336
EinzelnerReiter2_frame(67).png,2,0.5307291666666667,0.49027777777777776,0.036458333333333336,0.18194444444444444
