image,label,x,y,width,height
EinzelnerReiterOutdoor3_frame(3).png,1,0.7794270833333333,0.575,0.019010416666666665,0.06805555555555555
EinzelnerReiterOutdoor3_frame(3).png,2,0.7778645833333333,0.5407407407407407,0.020572916666666666,0.06759259259259259
