image,label,x,y,width,height
EinzelnerReiter2_frame(41).png,1,0.24713541666666666,0.5194444444444445,0.02265625,0.03518518518518519
EinzelnerReiter2_frame(41).png,2,0.24661458333333333,0.5050925925925925,0.011458333333333333,0.03333333333333333
