image,label,x,y,width,height
EinzelnerReiterOutdoor3_frame(40).png,1,0.656,0.5444444444444444,0.021,0.031018518518518518
EinzelnerReiterOutdoor3_frame(40).png,2,0.656,0.5282407407407408,0.008,0.028
