image,label,x,y,width,height
EinzelnerReiter2_frame(152).png,1,0.403125,0.5324074074074074,0.0515625,0.06342592592592593
EinzelnerReiter2_frame(152).png,2,0.40572916666666664,0.5041666666666667,0.01015625,0.056018518518518516
