image,label,x,y,width,height
EinzelnerReiter2_frame(175).png,1,0.21796875,0.5388888888888889,0.027864583333333335,0.08425925925925926
EinzelnerReiter2_frame(175).png,2,0.2203125,0.5027777777777778,0.021354166666666667,0.07314814814814814
