image,label,x,y,width,height
EinzelnerReiterOutdoor_frame(99).png,1,0.7234375,0.5615740740740741,0.04401041666666667,0.060648148148148145
EinzelnerReiterOutdoor_frame(99).png,2,0.7268229166666667,0.5324074074074074,0.014583333333333334,0.056018518518518516
