image,label,x,y,width,height
EinzelnerReiter3_frame(143).png,2,0.24635416666666668,0.5018518518518519,0.015104166666666667,0.04675925925925926
EinzelnerReiter3_frame(143).png,1,0.24739583333333334,0.524074074074074,0.02265625,0.055092592592592596
