image,label,x,y,width,height
EinzelnerReiter_frame(100).png,1,0.94,0.55,0.09,0.10833333333333334
EinzelnerReiter_frame(100).png,2,0.9411458333333333,0.5115740740740741,0.022395833333333334,0.12
