image,label,x,y,width,height
EinzelnerReiter3_frame(67).png,2,0.265625,0.49907407407407406,0.0140625,0.05
EinzelnerReiter3_frame(67).png,1,0.2674479166666667,0.524537037037037,0.022135416666666668,0.05925925925925926
