image,label,x,y,width,height
EinzelnerReiterOutdoor_frame(1).png,1,0.4979166666666667,0.5555555555555556,0.026041666666666668,0.04212962962962963
EinzelnerReiterOutdoor_frame(1).png,2,0.496875,0.5370370370370371,0.012760416666666666,0.03657407407407407
