image,label,x,y,width,height
EinzelnerReiter2_frame(168).png,1,0.44869791666666664,0.5953703703703703,0.21276041666666667,0.25416666666666665
EinzelnerReiter2_frame(168).png,2,0.4315104166666667,0.49027777777777776,0.04401041666666667,0.20787037037037037
