image,label,x,y,width,height
EinzelnerReiter_frame(88).png,1,0.22083333333333333,0.5574074074074075,0.08567708333333333,0.12
EinzelnerReiter_frame(88).png,2,0.22265625,0.5087962962962963,0.02,0.1
