image,label,x,y,width,height
EinzelnerReiter_frame(6).png,1,0.48828125,0.5282407407407408,0.009114583333333334,0.03888888888888889
EinzelnerReiter_frame(6).png,2,0.48723958333333334,0.5101851851851852,0.009635416666666667,0.03287037037037037
