image,label,x,y,width,height
EinzelnerReiter2_frame(43).png,1,0.26953125,0.5208333333333334,0.016145833333333335,0.03333333333333333
EinzelnerReiter2_frame(43).png,2,0.26848958333333334,0.5037037037037037,0.009895833333333333,0.03148148148148148
