image,label,x,y,width,height
EinzelnerReiter2_frame(3).png,2,0.4354166666666667,0.5013888888888889,0.01640625,0.07037037037037037
EinzelnerReiter2_frame(3).png,1,0.4322916666666667,0.5351851851851852,0.04401041666666667,0.07268518518518519
