image,label,x,y,width,height
EinzelnerReiter3_frame(150).png,2,0.20598958333333334,0.4949074074074074,0.024739583333333332,0.09259259259259259
EinzelnerReiter3_frame(150).png,1,0.20625,0.5375,0.03125,0.0962962962962963
