image,label,x,y,width,height
EinzelnerReiter3_frame(156).png,1,0.25286458333333334,0.5703703703703704,0.11692708333333333,0.2152777777777778
EinzelnerReiter3_frame(156).png,2,0.24296875,0.48009259259259257,0.037760416666666664,0.18564814814814815
