image,label,x,y,width,height
EinzelnerReiterOutdoor_frame(95).png,2,0.5208333333333334,0.5398148148148149,0.012239583333333333,0.049074074074074076
EinzelnerReiterOutdoor_frame(95).png,1,0.5221354166666666,0.5666666666666667,0.027604166666666666,0.04490740740740741
