image,label,x,y,width,height
EinzelnerReiter3_frame(32).png,2,0.32005208333333335,0.5060185185185185,0.0171875,0.05925925925925926
EinzelnerReiter3_frame(32).png,1,0.32057291666666665,0.5356481481481481,0.019791666666666666,0.06620370370370371
