image,label,x,y,width,height
EinzelnerReiter3_frame(35).png,1,0.32473958333333336,0.5236111111111111,0.016927083333333332,0.04953703703703704
EinzelnerReiter3_frame(35).png,2,0.3260416666666667,0.5032407407407408,0.014322916666666666,0.04259259259259259
