image,label,x,y,width,height
EinzelnerReiter2_frame(174).png,2,0.20833333333333334,0.49907407407407406,0.02578125,0.09212962962962963
EinzelnerReiter2_frame(174).png,1,0.20677083333333332,0.5439814814814815,0.033854166666666664,0.09675925925925925
