image,label,x,y,width,height
EinzelnerReiterOutdoor3_frame(20).png,2,0.515625,0.5523148148148148,0.017447916666666667,0.06342592592592593
EinzelnerReiterOutdoor3_frame(20).png,1,0.5143229166666666,0.586574074074074,0.03828125,0.0712962962962963
