image,label,x,y,width,height
EinzelnerReiterOutdoor_frame(81).png,2,0.79453125,0.5347222222222222,0.01484375,0.05694444444444444
EinzelnerReiterOutdoor_frame(81).png,1,0.7953125,0.5578703703703703,0.016927083333333332,0.052314814814814814
