image,label,x,y,width,height
EinzelnerReiterOutdoor3_frame(26).png,1,0.14427083333333332,0.6106481481481482,0.05677083333333333,0.08981481481481482
EinzelnerReiterOutdoor3_frame(26).png,2,0.15416666666666667,0.5634259259259259,0.022395833333333334,0.08981481481481482
