image,label,x,y,width,height
EinzelnerReiter3_frame(65).png,2,0.2640625,0.4981481481481482,0.0140625,0.04953703703703704
EinzelnerReiter3_frame(65).png,1,0.26510416666666664,0.5226851851851851,0.02421875,0.0587962962962963
