image,label,x,y,width,height
EinzelnerReiter2_frame(136).png,1,0.020052083333333335,0.52,0.020052083333333335,0.05
EinzelnerReiter2_frame(136).png,2,0.020052083333333335,0.505,0.012,0.04
