image,label,x,y,width,height
EinzelnerReiter2_frame(2).png,2,0.41119791666666666,0.4962962962962963,0.016666666666666666,0.06527777777777778
EinzelnerReiter2_frame(2).png,1,0.4127604166666667,0.5282407407407408,0.028645833333333332,0.07083333333333333
