image,label,x,y,width,height
EinzelnerReiter2_frame(97).png,1,0.19036458333333334,0.5365740740740741,0.06614583333333333,0.07407407407407407
EinzelnerReiter2_frame(97).png,2,0.18723958333333332,0.49953703703703706,0.017447916666666667,0.07453703703703704
