image,label,x,y,width,height
EinzelnerReiter3_frame(25).png,1,0.28046875,0.5699074074074074,0.048177083333333336,0.15694444444444444
EinzelnerReiter3_frame(25).png,2,0.28177083333333336,0.48935185185185187,0.040625,0.14675925925925926
