image,label,x,y,width,height
EinzelnerReiter3_frame(119).png,1,0.140625,0.5203703703703704,0.018,0.038425925925925926
EinzelnerReiter3_frame(119).png,2,0.142,0.505,0.011,0.038425925925925926
