image,label,x,y,width,height
EinzelnerReiterOutdoor_frame(85).png,1,0.7296875,0.5449074074074074,0.028645833333333332,0.04351851851851852
EinzelnerReiterOutdoor_frame(85).png,2,0.7276041666666667,0.5287037037037037,0.013802083333333333,0.04027777777777778
