image,label,x,y,width,height
EinzelnerReiter3_frame(148).png,2,0.23828125,0.4976851851851852,0.01796875,0.06944444444444445
EinzelnerReiter3_frame(148).png,1,0.23645833333333333,0.5305555555555556,0.026302083333333334,0.07453703703703704
