image,label,x,y,width,height
EinzelnerReiter2_frame(128).png,1,0.196875,0.5208333333333334,0.02578125,0.03888888888888889
EinzelnerReiter2_frame(128).png,2,0.19609375,0.5027777777777778,0.01171875,0.03796296296296296
