image,label,x,y,width,height
EinzelnerReiter3_frame(24).png,2,0.27369791666666665,0.48518518518518516,0.04479166666666667,0.17453703703703705
EinzelnerReiter3_frame(24).png,1,0.2674479166666667,0.5717592592592593,0.059375,0.1712962962962963
