image,label,x,y,width,height
EinzelnerReiter2_frame(166).png,2,0.6690104166666667,0.475,0.037760416666666664,0.1699074074074074
EinzelnerReiter2_frame(166).png,1,0.6671875,0.5583333333333333,0.12,0.18472222222222223
