image,label,x,y,width,height
EinzelnerReiter3_frame(149).png,2,0.22239583333333332,0.5009259259259259,0.020833333333333332,0.0837962962962963
EinzelnerReiter3_frame(149).png,1,0.22239583333333332,0.538425925925926,0.0296875,0.0837962962962963
