image,label,x,y,width,height
EinzelnerReiter3_frame(33).png,2,0.32317708333333334,0.5041666666666667,0.01796875,0.05416666666666667
EinzelnerReiter3_frame(33).png,1,0.3223958333333333,0.5296296296296297,0.018229166666666668,0.05787037037037037
