image,label,x,y,width,height
EinzelnerReiter3_frame(71).png,2,0.26666666666666666,0.4986111111111111,0.01328125,0.05324074074074074
EinzelnerReiter3_frame(71).png,1,0.26848958333333334,0.524537037037037,0.0203125,0.06157407407407407
