image,label,x,y,width,height
EinzelnerReiter2_frame(149).png,1,0.29296875,0.5333333333333333,0.042708333333333334,0.058333333333333334
EinzelnerReiter2_frame(149).png,2,0.3,0.5023148148148148,0.013020833333333334,0.05555555555555555
