image,label,x,y,width,height
EinzelnerReiterOutdoor3_frame(1).png,2,0.7684895833333333,0.545,0.03,0.07546296296296297
EinzelnerReiterOutdoor3_frame(1).png,1,0.76875,0.5921296296296297,0.03,0.08981481481481482
