image,label,x,y,width,height
EinzelnerReiterOutdoor3_frame(88).png,1,0.56953125,0.5513888888888889,0.016145833333333335,0.031018518518518518
EinzelnerReiterOutdoor3_frame(88).png,2,0.5692708333333333,0.5337962962962963,0.01328125,0.03287037037037037
