image,label,x,y,width,height
EinzelnerReiterOutdoor3_frame(53).png,1,0.678125,0.5462962962962963,0.0140625,0.037037037037037035
EinzelnerReiterOutdoor3_frame(53).png,2,0.678125,0.53,0.012,0.037037037037037035
