image,label,x,y,width,height
EinzelnerReiter3_frame(109).png,2,0.055989583333333336,0.5037037037037037,0.011979166666666667,0.05
EinzelnerReiter3_frame(109).png,1,0.058333333333333334,0.5189814814814815,0.024739583333333332,0.047685185185185185
