image,label,x,y,width,height
EinzelnerReiter3_frame(27).png,2,0.2984375,0.49537037037037035,0.03463541666666667,0.12314814814814815
EinzelnerReiter3_frame(27).png,1,0.29322916666666665,0.5592592592592592,0.053385416666666664,0.12685185185185185
