image,label,x,y,width,height
EinzelnerReiterOutdoor3_frame(27).png,2,0.20911458333333333,0.5592592592592592,0.019270833333333334,0.0763888888888889
EinzelnerReiterOutdoor3_frame(27).png,1,0.20026041666666666,0.5986111111111111,0.04010416666666667,0.07592592592592592
