image,label,x,y,width,height
EinzelnerReiterOutdoor_frame(74).png,2,0.7096354166666666,0.5541666666666667,0.034375,0.11851851851851852
EinzelnerReiterOutdoor_frame(74).png,1,0.7057291666666666,0.6162037037037037,0.053125,0.12916666666666668
