image,label,x,y,width,height
EinzelnerReiter3_frame(51).png,1,0.18932291666666667,0.5199074074074074,0.019791666666666666,0.03333333333333333
EinzelnerReiter3_frame(51).png,2,0.18932291666666667,0.504,0.01,0.03333333333333333
