image,label,x,y,width,height
EinzelnerReiterOutdoor3_frame(8).png,2,0.7864583333333334,0.5319444444444444,0.0140625,0.04722222222222222
EinzelnerReiterOutdoor3_frame(8).png,1,0.7869791666666667,0.5513888888888889,0.021614583333333333,0.0375
