image,label,x,y,width,height
EinzelnerReiter3_frame(68).png,2,0.26640625,0.49953703703703706,0.013802083333333333,0.049074074074074076
EinzelnerReiter3_frame(68).png,1,0.2674479166666667,0.525,0.0234375,0.05787037037037037
