image,label,x,y,width,height
EinzelnerReiter3_frame(146).png,2,0.25625,0.4981481481481482,0.016666666666666666,0.060648148148148145
EinzelnerReiter3_frame(146).png,1,0.25703125,0.5277777777777778,0.025520833333333333,0.06944444444444445
