image,label,x,y,width,height
EinzelnerReiterOutdoor3_frame(84).png,2,0.48984375,0.5361111111111111,0.012239583333333333,0.03935185185185185
EinzelnerReiterOutdoor3_frame(84).png,1,0.48880208333333336,0.5569444444444445,0.022395833333333334,0.0412037037037037
