image,label,x,y,width,height
EinzelnerReiter3_frame(26).png,2,0.29244791666666664,0.49074074074074076,0.03854166666666667,0.1287037037037037
EinzelnerReiter3_frame(26).png,1,0.2875,0.562037037037037,0.054947916666666666,0.13564814814814816
