image,label,x,y,width,height
EinzelnerReiter2_frame(85).png,2,0.346875,0.5018518518518519,0.01640625,0.06666666666666667
EinzelnerReiter2_frame(85).png,1,0.34869791666666666,0.5347222222222222,0.05755208333333333,0.07407407407407407
