image,label,x,y,width,height
EinzelnerReiter3_frame(41).png,1,0.31,0.5226851851851851,0.014322916666666666,0.03796296296296296
EinzelnerReiter3_frame(41).png,2,0.31,0.505,0.011,0.034
