image,label,x,y,width,height
EinzelnerReiter2_frame(102).png,1,0.04635416666666667,0.5314814814814814,0.0234375,0.09074074074074075
EinzelnerReiter2_frame(102).png,2,0.04635416666666667,0.500462962962963,0.019010416666666665,0.06388888888888888
