image,label,x,y,width,height
EinzelnerReiterOutdoor_frame(10).png,2,0.5606770833333333,0.5828703703703704,0.030208333333333334,0.1550925925925926
EinzelnerReiterOutdoor_frame(10).png,1,0.5463541666666667,0.6513888888888889,0.14036458333333332,0.17222222222222222
