image,label,x,y,width,height
EinzelnerReiter_frame(38).png,1,0.7924479166666667,0.55,0.05520833333333333,0.07731481481481481
EinzelnerReiter_frame(38).png,2,0.7872395833333333,0.5125,0.016927083333333332,0.07314814814814814
