image,label,x,y,width,height
EinzelnerReiter_frame(25).png,1,0.49973958333333335,0.5453703703703704,0.019270833333333334,0.06944444444444445
EinzelnerReiter_frame(25).png,2,0.4973958333333333,0.5111111111111111,0.017708333333333333,0.06712962962962964
