image,label,x,y,width,height
EinzelnerReiterOutdoor_frame(83).png,2,0.7794270833333333,0.5314814814814814,0.013020833333333334,0.04259259259259259
EinzelnerReiterOutdoor_frame(83).png,1,0.7817708333333333,0.5504629629629629,0.023958333333333335,0.04722222222222222
