image,label,x,y,width,height
EinzelnerReiter3_frame(57).png,2,0.18697916666666667,0.500462962962963,0.01015625,0.04027777777777778
EinzelnerReiter3_frame(57).png,1,0.18671875,0.5199074074074074,0.01796875,0.041666666666666664
