image,label,x,y,width,height
EinzelnerReiterOutdoor_frame(3).png,1,0.39791666666666664,0.5685185185185185,0.0421875,0.053703703703703705
EinzelnerReiterOutdoor_frame(3).png,2,0.40130208333333334,0.5467592592592593,0.013020833333333334,0.04490740740740741
