image,label,x,y,width,height
EinzelnerReiterOutdoor_frame(86).png,1,0.6950520833333333,0.5458333333333333,0.021354166666666667,0.03935185185185185
EinzelnerReiterOutdoor_frame(86).png,2,0.6940104166666666,0.5314814814814814,0.014322916666666666,0.03888888888888889
