image,label,x,y,width,height
EinzelnerReiterOutdoor3_frame(75).png,1,0.1328125,0.6226851851851852,0.05,0.09444444444444444
EinzelnerReiterOutdoor3_frame(75).png,2,0.13333333333333333,0.575,0.026822916666666665,0.10787037037037037
