image,label,x,y,width,height
EinzelnerReiter3_frame(1).png,1,0.35520833333333335,0.5268518518518519,0.04583333333333333,0.05925925925925926
EinzelnerReiter3_frame(1).png,2,0.35442708333333334,0.49953703703703706,0.014322916666666666,0.05416666666666667
