image,label,x,y,width,height
EinzelnerReiterOutdoor_frame(11).png,2,0.6830729166666667,0.5643518518518519,0.04088541666666667,0.1412037037037037
EinzelnerReiterOutdoor_frame(11).png,1,0.6828125,0.6342592592592593,0.08307291666666666,0.15185185185185185
