image,label,x,y,width,height
EinzelnerReiterOutdoor_frame(50).png,1,0.7580729166666667,0.537962962962963,0.022,0.030555555555555555
EinzelnerReiterOutdoor_frame(50).png,2,0.7580729166666667,0.525,0.01,0.030555555555555555
