image,label,x,y,width,height
EinzelnerReiter2_frame(141).png,1,0.096875,0.5199074074074074,0.025260416666666667,0.053703703703703705
EinzelnerReiter2_frame(141).png,2,0.09609375,0.4976851851851852,0.01171875,0.05092592592592592
