image,label,x,y,width,height
EinzelnerReiter3_frame(125).png,2,0.19453125,0.5023148148148148,0.010677083333333334,0.046296296296296294
EinzelnerReiter3_frame(125).png,1,0.19505208333333332,0.5203703703703704,0.01484375,0.04537037037037037
