image,label,x,y,width,height
EinzelnerReiterOutdoor3_frame(87).png,1,0.5544270833333333,0.5509259259259259,0.021875,0.03194444444444444
EinzelnerReiterOutdoor3_frame(87).png,2,0.5544270833333333,0.5337962962962963,0.015104166666666667,0.0375
