image,label,x,y,width,height
EinzelnerReiter_frame(37).png,1,0.8408854166666667,0.5537037037037037,0.06510416666666667,0.08703703703703704
EinzelnerReiter_frame(37).png,2,0.83515625,0.512962962962963,0.021614583333333333,0.08287037037037037
