image,label,x,y,width,height
EinzelnerReiterOutdoor3_frame(24).png,2,0.19427083333333334,0.5796296296296296,0.03333333333333333,0.11944444444444445
EinzelnerReiterOutdoor3_frame(24).png,1,0.20520833333333333,0.6365740740740741,0.06354166666666666,0.12638888888888888
