image,label,x,y,width,height
EinzelnerReiterOutdoor3_frame(72).png,2,0.3958333333333333,0.5564814814814815,0.024739583333333332,0.10462962962962963
EinzelnerReiterOutdoor3_frame(72).png,1,0.4002604166666667,0.6050925925925926,0.07083333333333333,0.10046296296296296
