image,label,x,y,width,height
EinzelnerReiterOutdoor_frame(35).png,2,0.79609375,0.5305555555555556,0.011979166666666667,0.04212962962962963
EinzelnerReiterOutdoor_frame(35).png,1,0.7963541666666667,0.5467592592592593,0.015104166666666667,0.03611111111111111
