image,label,x,y,width,height
EinzelnerReiterOutdoor_frame(93).png,1,0.5013020833333334,0.5560185185185185,0.01796875,0.044444444444444446
EinzelnerReiterOutdoor_frame(93).png,2,0.5010416666666667,0.5365740740740741,0.0125,0.03888888888888889
