image,label,x,y,width,height
EinzelnerReiterOutdoor_frame(92).png,1,0.5130208333333334,0.5564814814814815,0.01484375,0.03518518518518519
EinzelnerReiterOutdoor_frame(92).png,2,0.5143229166666666,0.5351851851851852,0.01015625,0.03287037037037037
