image,label,x,y,width,height
EinzelnerReiter2_frame(28).png,1,0.05755208333333333,0.5236111111111111,0.028385416666666666,0.058333333333333334
EinzelnerReiter2_frame(28).png,2,0.055989583333333336,0.5064814814814815,0.01640625,0.05416666666666667
