image,label,x,y,width,height
EinzelnerReiter3_frame(64).png,2,0.2578125,0.5046296296296297,0.0140625,0.047685185185185185
EinzelnerReiter3_frame(64).png,1,0.259375,0.524537037037037,0.022395833333333334,0.05740740740740741
