image,label,x,y,width,height
EinzelnerReiterOutdoor3_frame(12).png,1,0.6645833333333333,0.549537037037037,0.014583333333333334,0.03564814814814815
EinzelnerReiterOutdoor3_frame(12).png,2,0.6645833333333333,0.53,0.01,0.03564814814814815
