image,label,x,y,width,height
EinzelnerReiterOutdoor3_frame(69).png,2,0.5346354166666667,0.5476851851851852,0.016666666666666666,0.058333333333333334
EinzelnerReiterOutdoor3_frame(69).png,1,0.5354166666666667,0.5768518518518518,0.03177083333333333,0.06944444444444445
