image,label,x,y,width,height
EinzelnerReiter2_frame(61).png,2,0.21770833333333334,0.5050925925925925,0.028645833333333332,0.10138888888888889
EinzelnerReiter2_frame(61).png,1,0.215625,0.5509259259259259,0.03177083333333333,0.10972222222222222
