image,label,x,y,width,height
EinzelnerReiter_frame(20).png,1,0.49140625,0.5361111111111111,0.015364583333333333,0.05740740740740741
EinzelnerReiter_frame(20).png,2,0.4890625,0.5074074074074074,0.013802083333333333,0.05092592592592592
