image,label,x,y,width,height
EinzelnerReiter2_frame(35).png,1,0.10416666666666667,0.5212962962962963,0.04,0.04027777777777778
EinzelnerReiter2_frame(35).png,2,0.10416666666666667,0.51,0.01,0.035
