image,label,x,y,width,height
EinzelnerReiter2_frame(153).png,1,0.44088541666666664,0.5370370370370371,0.06614583333333333,0.06851851851851852
EinzelnerReiter2_frame(153).png,2,0.44583333333333336,0.5064814814814815,0.0109375,0.05787037037037037
