image,label,x,y,width,height
EinzelnerReiterOutdoor_frame(70).png,2,0.2390625,0.5689814814814815,0.028125,0.12685185185185185
EinzelnerReiterOutdoor_frame(70).png,1,0.24140625,0.6287037037037037,0.07473958333333333,0.13425925925925927
