image,label,x,y,width,height
EinzelnerReiter_frame(16).png,1,0.49244791666666665,0.5351851851851852,0.015104166666666667,0.05925925925925926
EinzelnerReiter_frame(16).png,2,0.4908854166666667,0.5097222222222222,0.01328125,0.047685185185185185
