image,label,x,y,width,height
EinzelnerReiter2_frame(124).png,1,0.26484375,0.5189814814814815,0.01875,0.03518518518518519
EinzelnerReiter2_frame(124).png,2,0.2635416666666667,0.5027777777777778,0.0109375,0.02824074074074074
