image,label,x,y,width,height
EinzelnerReiterOutdoor3_frame(31).png,1,0.42421875,0.5699074074074074,0.0265625,0.04398148148148148
EinzelnerReiterOutdoor3_frame(31).png,2,0.42682291666666666,0.5458333333333333,0.012760416666666666,0.04675925925925926
