image,label,x,y,width,height
EinzelnerReiter3_frame(72).png,2,0.2671875,0.4981481481481482,0.013541666666666667,0.05416666666666667
EinzelnerReiter3_frame(72).png,1,0.26875,0.5231481481481481,0.021354166666666667,0.06157407407407407
