image,label,x,y,width,height
EinzelnerReiter2_frame(47).png,2,0.27734375,0.5027777777777778,0.012239583333333333,0.0375
EinzelnerReiter2_frame(47).png,1,0.27682291666666664,0.5189814814814815,0.01640625,0.0412037037037037
