image,label,x,y,width,height
EinzelnerReiter3_frame(8).png,2,0.65390625,0.5069444444444444,0.014322916666666666,0.06435185185185185
EinzelnerReiter3_frame(8).png,1,0.6536458333333334,0.537962962962963,0.0546875,0.07314814814814814
