image,label,x,y,width,height
EinzelnerReiterOutdoor3_frame(60).png,2,0.6458333333333334,0.5310185185185186,0.013541666666666667,0.04351851851851852
EinzelnerReiterOutdoor3_frame(60).png,1,0.646875,0.5509259259259259,0.01484375,0.046296296296296294
