image,label,x,y,width,height
EinzelnerReiter3_frame(87).png,1,0.69,0.5569444444444445,0.085,0.11666666666666667
