image,label,x,y,width,height
EinzelnerReiter_frame(31).png,1,0.815625,0.6407407407407407,0.21770833333333334,0.26481481481481484
EinzelnerReiter_frame(31).png,2,0.84296875,0.52,0.05911458333333333,0.23425925925925925
