image,label,x,y,width,height
EinzelnerReiterOutdoor_frame(80).png,2,0.7919270833333333,0.5375,0.015885416666666666,0.06805555555555555
EinzelnerReiterOutdoor_frame(80).png,1,0.7940104166666667,0.5638888888888889,0.020833333333333332,0.06342592592592593
