image,label,x,y,width,height
EinzelnerReiter2_frame(154).png,1,0.49192708333333335,0.5388888888888889,0.06979166666666667,0.07222222222222222
EinzelnerReiter2_frame(154).png,2,0.49322916666666666,0.5083333333333333,0.0125,0.05787037037037037
