image,label,x,y,width,height
EinzelnerReiter2_frame(69).png,1,0.7268229166666667,0.5796296296296296,0.08020833333333334,0.17453703703703705
