image,label,x,y,width,height
EinzelnerReiter2_frame(24).png,2,0.1859375,0.4981481481481482,0.013541666666666667,0.05694444444444444
EinzelnerReiter2_frame(24).png,1,0.18880208333333334,0.525,0.0359375,0.059722222222222225
