image,label,x,y,width,height
EinzelnerReiter_frame(32).png,1,0.9559895833333333,0.6314814814814815,0.0828125,0.2212962962962963
EinzelnerReiter_frame(32).png,2,0.98,0.5,0.05,0.2212962962962963
