image,label,x,y,width,height
EinzelnerReiter3_frame(86).png,2,0.6130208333333333,0.5046296296296297,0.020052083333333335,0.10416666666666667
EinzelnerReiter3_frame(86).png,1,0.6138020833333333,0.5523148148148148,0.09635416666666667,0.11481481481481481
