image,label,x,y,width,height
EinzelnerReiterOutdoor_frame(62).png,1,0.50703125,0.5625,0.03619791666666667,0.05416666666666667
EinzelnerReiterOutdoor_frame(62).png,2,0.5078125,0.5412037037037037,0.011979166666666667,0.04259259259259259
