image,label,x,y,width,height
EinzelnerReiter2_frame(157).png,2,0.6471354166666666,0.5069444444444444,0.015364583333333333,0.07268518518518519
EinzelnerReiter2_frame(157).png,1,0.6473958333333333,0.5416666666666666,0.07421875,0.075
