image,label,x,y,width,height
EinzelnerReiter2_frame(46).png,2,0.2786458333333333,0.5055555555555555,0.0109375,0.034722222222222224
EinzelnerReiter2_frame(46).png,1,0.27734375,0.5212962962962963,0.014322916666666666,0.032407407407407406
