image,label,x,y,width,height
EinzelnerReiter2_frame(20).png,2,0.4015625,0.5013888888888889,0.015104166666666667,0.05555555555555555
EinzelnerReiter2_frame(20).png,1,0.40260416666666665,0.524074074074074,0.047135416666666666,0.05740740740740741
