image,label,x,y,width,height
EinzelnerReiter_frame(14).png,1,0.49192708333333335,0.5351851851851852,0.014583333333333334,0.059722222222222225
EinzelnerReiter_frame(14).png,2,0.4903645833333333,0.5083333333333333,0.013802083333333333,0.05
