image,label,x,y,width,height
EinzelnerReiter3_frame(23).png,2,0.2703125,0.48333333333333334,0.05390625,0.17314814814814813
EinzelnerReiter3_frame(23).png,1,0.2713541666666667,0.5777777777777777,0.051041666666666666,0.18564814814814815
