image,label,x,y,width,height
EinzelnerReiterOutdoor_frame(59).png,1,0.6518229166666667,0.5486111111111112,0.023177083333333334,0.04398148148148148
EinzelnerReiterOutdoor_frame(59).png,2,0.6502604166666667,0.5296296296296297,0.015104166666666667,0.03888888888888889
