image,label,x,y,width,height
EinzelnerReiter2_frame(105).png,2,0.09505208333333333,0.4976851851851852,0.0140625,0.05324074074074074
EinzelnerReiter2_frame(105).png,1,0.09401041666666667,0.5222222222222223,0.03229166666666667,0.06435185185185185
