image,label,x,y,width,height
EinzelnerReiterOutdoor_frame(43).png,1,0.597,0.5444444444444444,0.017,0.03009259259259259
EinzelnerReiterOutdoor_frame(43).png,2,0.597,0.53,0.011,0.03009259259259259
