image,label,x,y,width,height
EinzelnerReiter3_frame(60).png,1,0.21328125,0.5212962962962963,0.017447916666666667,0.04861111111111111
EinzelnerReiter3_frame(60).png,2,0.2125,0.5055555555555555,0.0125,0.04212962962962963
