image,label,x,y,width,height
EinzelnerReiter2_frame(139).png,1,0.05572916666666667,0.5236111111111111,0.0265625,0.06481481481481481
EinzelnerReiter2_frame(139).png,2,0.05364583333333333,0.5032407407407408,0.014322916666666666,0.05416666666666667
