image,label,x,y,width,height
EinzelnerReiter3_frame(102).png,2,0.2546875,0.5023148148148148,0.014322916666666666,0.05462962962962963
EinzelnerReiter3_frame(102).png,1,0.2578125,0.5254629629629629,0.04010416666666667,0.06712962962962964
