image,label,x,y,width,height
EinzelnerReiter_frame(58).png,1,0.6049479166666667,0.5277777777777778,0.01640625,0.031018518518518518
EinzelnerReiter_frame(58).png,2,0.6028645833333334,0.5101851851851852,0.008333333333333333,0.027314814814814816
