image,label,x,y,width,height
EinzelnerReiterOutdoor3_frame(71).png,2,0.4549479166666667,0.5564814814814815,0.019270833333333334,0.08564814814814815
EinzelnerReiterOutdoor3_frame(71).png,1,0.45651041666666664,0.5958333333333333,0.046614583333333334,0.08796296296296297
