image,label,x,y,width,height
EinzelnerReiter2_frame(109).png,1,0.15963541666666667,0.525,0.02734375,0.046296296296296294
EinzelnerReiter2_frame(109).png,2,0.16145833333333334,0.5037037037037037,0.01484375,0.04583333333333333
