image,label,x,y,width,height
EinzelnerReiter_frame(47).png,1,0.5502604166666667,0.5337962962962963,0.015364583333333333,0.052314814814814814
EinzelnerReiter_frame(47).png,2,0.5494791666666666,0.5092592592592593,0.011979166666666667,0.043055555555555555
