image,label,x,y,width,height
EinzelnerReiter3_frame(44).png,1,0.29140625,0.5231481481481481,0.01796875,0.029166666666666667
EinzelnerReiter3_frame(44).png,2,0.29140625,0.504,0.011,0.029166666666666667
