image,label,x,y,width,height
EinzelnerReiter2_frame(53).png,2,0.2643229166666667,0.49722222222222223,0.01328125,0.04814814814814815
EinzelnerReiter2_frame(53).png,1,0.265625,0.5208333333333334,0.018229166666666668,0.05740740740740741
