image,label,x,y,width,height
EinzelnerReiter_frame(3).png,1,0.4908854166666667,0.5259259259259259,0.010677083333333334,0.031018518518518518
EinzelnerReiter_frame(3).png,2,0.4903645833333333,0.5106481481481482,0.00859375,0.03009259259259259
