image,label,x,y,width,height
EinzelnerReiter3_frame(74).png,2,0.2671875,0.4986111111111111,0.013802083333333333,0.05277777777777778
EinzelnerReiter3_frame(74).png,1,0.2682291666666667,0.524074074074074,0.019791666666666666,0.059722222222222225
