image,label,x,y,width,height
EinzelnerReiterOutdoor_frame(7).png,2,0.19244791666666666,0.5648148148148148,0.03307291666666667,0.11666666666666667
EinzelnerReiterOutdoor_frame(7).png,1,0.19088541666666667,0.6199074074074075,0.04296875,0.12916666666666668
