image,label,x,y,width,height
EinzelnerReiter_frame(1).png,1,0.51875,0.5263888888888889,0.026041666666666668,0.035
EinzelnerReiter_frame(1).png,2,0.51875,0.51,0.012,0.033
