image,label,x,y,width,height
EinzelnerReiter2_frame(169).png,2,0.30078125,0.4777777777777778,0.0515625,0.19166666666666668
EinzelnerReiter2_frame(169).png,1,0.31328125,0.5819444444444445,0.13619791666666667,0.24259259259259258
