image,label,x,y,width,height
EinzelnerReiter2_frame(8).png,1,0.5653645833333333,0.5486111111111112,0.08958333333333333,0.11157407407407408
EinzelnerReiter2_frame(8).png,2,0.5700520833333333,0.5013888888888889,0.019010416666666665,0.09814814814814815
