image,label,x,y,width,height
EinzelnerReiter3_frame(97).png,1,0.47421875,0.5351851851851852,0.05520833333333333,0.07361111111111111
EinzelnerReiter3_frame(97).png,2,0.4739583333333333,0.5050925925925925,0.016927083333333332,0.06527777777777778
