image,label,x,y,width,height
EinzelnerReiterOutdoor3_frame(11).png,1,0.6942708333333333,0.5462962962962963,0.027083333333333334,0.043055555555555555
EinzelnerReiterOutdoor3_frame(11).png,2,0.6932291666666667,0.5268518518518519,0.013541666666666667,0.04398148148148148
