image,label,x,y,width,height
EinzelnerReiter_frame(80).png,1,0.5901041666666667,0.527,0.015,0.04
EinzelnerReiter_frame(80).png,2,0.5893229166666667,0.512962962962963,0.008072916666666667,0.035
