image,label,x,y,width,height
EinzelnerReiter3_frame(153).png,2,0.16067708333333333,0.49722222222222223,0.03697916666666667,0.12962962962962962
EinzelnerReiter3_frame(153).png,1,0.16067708333333333,0.5592592592592592,0.046614583333333334,0.1412037037037037
