image,label,x,y,width,height
EinzelnerReiter2_frame(129).png,1,0.171875,0.5226851851851851,0.03,0.03425925925925926
EinzelnerReiter2_frame(129).png,2,0.171875,0.51,0.011,0.033
