image,label,x,y,width,height
EinzelnerReiter3_frame(132).png,2,0.26588541666666665,0.4986111111111111,0.014583333333333334,0.047685185185185185
EinzelnerReiter3_frame(132).png,1,0.2643229166666667,0.525,0.022916666666666665,0.06018518518518518
