image,label,x,y,width,height
EinzelnerReiterOutdoor_frame(84).png,2,0.7557291666666667,0.5277777777777778,0.013541666666666667,0.04583333333333333
EinzelnerReiterOutdoor_frame(84).png,1,0.7567708333333333,0.5486111111111112,0.028645833333333332,0.047685185185185185
