image,label,x,y,width,height
EinzelnerReiter_frame(22).png,1,0.49166666666666664,0.5347222222222222,0.014583333333333334,0.059722222222222225
EinzelnerReiter_frame(22).png,2,0.4901041666666667,0.5074074074074074,0.014322916666666666,0.050462962962962966
