image,label,x,y,width,height
EinzelnerReiter3_frame(66).png,2,0.26536458333333335,0.49907407407407406,0.014322916666666666,0.050462962962962966
EinzelnerReiter3_frame(66).png,1,0.26666666666666666,0.5236111111111111,0.022916666666666665,0.06111111111111111
