image,label,x,y,width,height
EinzelnerReiter3_frame(134).png,1,0.225,0.5319444444444444,0.051041666666666666,0.06620370370370371
EinzelnerReiter3_frame(134).png,2,0.22447916666666667,0.500462962962963,0.01328125,0.06527777777777778
