image,label,x,y,width,height
EinzelnerReiter2_frame(66).png,2,0.3841145833333333,0.4810185185185185,0.03307291666666667,0.18009259259259258
EinzelnerReiter2_frame(66).png,1,0.37526041666666665,0.5856481481481481,0.20703125,0.26481481481481484
