image,label,x,y,width,height
EinzelnerReiterOutdoor3_frame(51).png,1,0.694,0.5439814814814815,0.013802083333333333,0.03611111111111111
EinzelnerReiterOutdoor3_frame(51).png,2,0.694,0.53,0.01,0.03611111111111111
