image,label,x,y,width,height
EinzelnerReiterOutdoor3_frame(63).png,1,0.6463541666666667,0.5550925925925926,0.0140625,0.043055555555555555
EinzelnerReiterOutdoor3_frame(63).png,2,0.6455729166666667,0.5337962962962963,0.01328125,0.03564814814814815
