image,label,x,y,width,height
EinzelnerReiter2_frame(137).png,1,0.026302083333333334,0.524074074074074,0.023177083333333334,0.060648148148148145
EinzelnerReiter2_frame(137).png,2,0.02578125,0.5027777777777778,0.0140625,0.05277777777777778
