image,label,x,y,width,height
EinzelnerReiter2_frame(5).png,2,0.47369791666666666,0.4976851851851852,0.021875,0.08055555555555556
EinzelnerReiter2_frame(5).png,1,0.46484375,0.5388888888888889,0.05546875,0.08564814814814815
