image,label,x,y,width,height
EinzelnerReiterOutdoor_frame(63).png,2,0.4479166666666667,0.5435185185185185,0.011458333333333333,0.04861111111111111
EinzelnerReiterOutdoor_frame(63).png,1,0.44453125,0.5689814814814815,0.03723958333333333,0.053703703703703705
