image,label,x,y,width,height
EinzelnerReiter3_frame(52).png,1,0.175,0.5199074074074074,0.020833333333333332,0.033796296296296297
EinzelnerReiter3_frame(52).png,2,0.17447916666666666,0.5018518518518519,0.009635416666666667,0.04027777777777778
