image,label,x,y,width,height
EinzelnerReiterOutdoor3_frame(62).png,2,0.6489583333333333,0.5328703703703703,0.013020833333333334,0.03888888888888889
EinzelnerReiterOutdoor3_frame(62).png,1,0.6502604166666667,0.5518518518518518,0.016666666666666666,0.04814814814814815
