image,label,x,y,width,height
EinzelnerReiter_frame(101).png,1,0.9018229166666667,0.5611111111111111,0.07838541666666667,0.10416666666666667
EinzelnerReiter_frame(101).png,2,0.8989583333333333,0.5101851851851852,0.022135416666666668,0.09537037037037037
