image,label,x,y,width,height
EinzelnerReiter_frame(93).png,1,0.1484375,0.6439814814814815,0.25625,0.3523148148148148
EinzelnerReiter_frame(93).png,2,0.13958333333333334,0.5125,0.055989583333333336,0.30925925925925923
