image,label,x,y,width,height
EinzelnerReiterOutdoor3_frame(73).png,2,0.30859375,0.5726851851851852,0.027083333333333334,0.10231481481481482
EinzelnerReiterOutdoor3_frame(73).png,1,0.31640625,0.61,0.1,0.13
