image,label,x,y,width,height
EinzelnerReiter_frame(65).png,1,0.47265625,0.5254629629629629,0.02421875,0.030555555555555555
EinzelnerReiter_frame(65).png,2,0.4705729166666667,0.5087962962962963,0.01015625,0.03425925925925926
