image,label,x,y,width,height
EinzelnerReiter2_frame(16).png,1,0.71,0.5449074074074074,0.06,0.0787037037037037
