image,label,x,y,width,height
EinzelnerReiter2_frame(7).png,1,0.5213541666666667,0.5472222222222223,0.07239583333333334,0.10046296296296296
EinzelnerReiter2_frame(7).png,2,0.52578125,0.5032407407407408,0.020052083333333335,0.08888888888888889
