image,label,x,y,width,height
EinzelnerReiter2_frame(135).png,2,0.022135416666666668,0.5027777777777778,0.012239583333333333,0.049074074074074076
EinzelnerReiter2_frame(135).png,1,0.022135416666666668,0.52,0.016145833333333335,0.05
