image,label,x,y,width,height
EinzelnerReiter3_frame(140).png,2,0.14401041666666667,0.5009259259259259,0.016145833333333335,0.06574074074074074
EinzelnerReiter3_frame(140).png,1,0.14192708333333334,0.5310185185185186,0.054427083333333334,0.07962962962962963
EinzelnerReiter3_frame(140).png,1,0.6447916666666667,0.5305555555555556,0.020572916666666666,0.053703703703703705
EinzelnerReiter3_frame(140).png,1,0.4122395833333333,0.5231481481481481,0.014583333333333334,0.03518518518518519
EinzelnerReiter3_frame(140).png,2,0.6401041666666667,0.5060185185185185,0.013802083333333333,0.04814814814814815
EinzelnerReiter3_frame(140).png,2,0.41067708333333336,0.5064814814814815,0.009375,0.034722222222222224
