image,label,x,y,width,height
EinzelnerReiter3_frame(120).png,1,0.15130208333333334,0.5180555555555556,0.015885416666666666,0.033796296296296297
EinzelnerReiter3_frame(120).png,2,0.15130208333333334,0.504,0.012,0.033796296296296297
