image,label,x,y,width,height
EinzelnerReiterOutdoor_frame(13).png,2,0.6677083333333333,0.56,0.0234375,0.09
EinzelnerReiterOutdoor_frame(13).png,1,0.6723958333333333,0.6,0.04921875,0.10601851851851851
