image,label,x,y,width,height
EinzelnerReiterOutdoor_frame(37).png,1,0.7598958333333333,0.5449074074074074,0.02421875,0.03981481481481482
EinzelnerReiterOutdoor_frame(37).png,2,0.7598958333333333,0.5259259259259259,0.013802083333333333,0.038425925925925926
