image,label,x,y,width,height
EinzelnerReiter_frame(11).png,2,0.4903645833333333,0.5092592592592593,0.01328125,0.050462962962962966
EinzelnerReiter_frame(11).png,1,0.49166666666666664,0.5356481481481481,0.015104166666666667,0.05787037037037037
