image,label,x,y,width,height
EinzelnerReiterOutdoor3_frame(19).png,2,0.5471354166666667,0.5453703703703704,0.016927083333333332,0.060648148148148145
EinzelnerReiterOutdoor3_frame(19).png,1,0.5518229166666667,0.5763888888888888,0.03046875,0.06944444444444445
