image,label,x,y,width,height
EinzelnerReiterOutdoor3_frame(70).png,2,0.4979166666666667,0.5481481481481482,0.01875,0.0712962962962963
EinzelnerReiterOutdoor3_frame(70).png,1,0.4973958333333333,0.5833333333333334,0.041666666666666664,0.0763888888888889
