image,label,x,y,width,height
EinzelnerReiter_frame(5).png,1,0.4875,0.5268518518518519,0.008854166666666666,0.034722222222222224
EinzelnerReiter_frame(5).png,2,0.487,0.508,0.00865,0.03148148148148148
