image,label,x,y,width,height
EinzelnerReiterOutdoor_frame(102).png,1,0.7955729166666666,0.5527777777777778,0.017447916666666667,0.04212962962962963
EinzelnerReiterOutdoor_frame(102).png,2,0.7953125,0.5347222222222222,0.013802083333333333,0.05138888888888889
