image,label,x,y,width,height
EinzelnerReiter2_frame(88).png,1,0.36614583333333334,0.5407407407407407,0.07213541666666666,0.07685185185185185
EinzelnerReiter2_frame(88).png,2,0.371875,0.5041666666666667,0.015104166666666667,0.06898148148148148
