image,label,x,y,width,height
EinzelnerReiter_frame(18).png,2,0.4903645833333333,0.5106481481481482,0.0125,0.04583333333333333
EinzelnerReiter_frame(18).png,1,0.49140625,0.5361111111111111,0.01484375,0.05694444444444444
