image,label,x,y,width,height
EinzelnerReiter2_frame(38).png,1,0.18359375,0.5203703703703704,0.03,0.038425925925925926
EinzelnerReiter2_frame(38).png,2,0.18359375,0.51,0.01,0.038
