image,label,x,y,width,height
EinzelnerReiter3_frame(130).png,2,0.2518229166666667,0.5027777777777778,0.0125,0.043055555555555555
EinzelnerReiter3_frame(130).png,1,0.2520833333333333,0.525,0.017708333333333333,0.05277777777777778
