image,label,x,y,width,height
EinzelnerReiter2_frame(89).png,1,0.3846354166666667,0.535,0.06614583333333333,0.085
EinzelnerReiter2_frame(89).png,2,0.39,0.5018518518518519,0.016,0.06712962962962964
