image,label,x,y,width,height
EinzelnerReiterOutdoor3_frame(65).png,2,0.6268229166666667,0.5375,0.013020833333333334,0.03981481481481482
EinzelnerReiterOutdoor3_frame(65).png,1,0.6270833333333333,0.5574074074074075,0.015885416666666666,0.04583333333333333
