image,label,x,y,width,height
EinzelnerReiter3_frame(128).png,1,0.22473958333333333,0.5231481481481481,0.0140625,0.05
EinzelnerReiter3_frame(128).png,2,0.225,0.5046296296296297,0.0125,0.044444444444444446
