image,label,x,y,width,height
EinzelnerReiter_frame(46).png,2,0.5549479166666667,0.5111111111111111,0.010677083333333334,0.040740740740740744
EinzelnerReiter_frame(46).png,1,0.55546875,0.5333333333333333,0.0125,0.04675925925925926
