image,label,x,y,width,height
EinzelnerReiter_frame(79).png,1,0.5979166666666667,0.5287037037037037,0.009895833333333333,0.030555555555555555
EinzelnerReiter_frame(79).png,2,0.59765625,0.5106481481481482,0.0078125,0.03148148148148148
