image,label,x,y,width,height
EinzelnerReiter2_frame(63).png,2,0.19817708333333334,0.5018518518518519,0.03697916666666667,0.1361111111111111
EinzelnerReiter2_frame(63).png,1,0.19713541666666667,0.5666666666666667,0.04114583333333333,0.1550925925925926
