image,label,x,y,width,height
EinzelnerReiter2_frame(64).png,2,0.2109375,0.49444444444444446,0.03854166666666667,0.1550925925925926
EinzelnerReiter2_frame(64).png,1,0.21692708333333333,0.5699074074074074,0.08046875,0.1763888888888889
