image,label,x,y,width,height
EinzelnerReiterOutdoor3_frame(4).png,2,0.7830729166666667,0.5393518518518519,0.02,0.06
EinzelnerReiterOutdoor3_frame(4).png,1,0.784375,0.5703703703703704,0.02,0.055092592592592596
