image,label,x,y,width,height
EinzelnerReiter3_frame(112).png,1,0.02,0.5199074074074074,0.01953125,0.05138888888888889
EinzelnerReiter3_frame(112).png,2,0.02,0.505,0.013,0.045
