image,label,x,y,width,height
EinzelnerReiter_frame(87).png,1,0.3067708333333333,0.54,0.06953125,0.1
EinzelnerReiter_frame(87).png,2,0.30572916666666666,0.512962962962963,0.02,0.09
