image,label,x,y,width,height
EinzelnerReiter3_frame(50).png,1,0.21,0.5226851851851851,0.025,0.03287037037037037
EinzelnerReiter3_frame(50).png,2,0.21,0.505,0.01,0.03287037037037037
