image,label,x,y,width,height
EinzelnerReiter_frame(41).png,1,0.6979166666666666,0.5388888888888889,0.033,0.07
EinzelnerReiter_frame(41).png,2,0.6940104166666666,0.5120370370370371,0.01171875,0.06
