image,label,x,y,width,height
EinzelnerReiter2_frame(32).png,1,0.032552083333333336,0.52,0.02734375,0.045
EinzelnerReiter2_frame(32).png,2,0.03229166666666667,0.5064814814814815,0.013802083333333333,0.04351851851851852
