image,label,x,y,width,height
EinzelnerReiter2_frame(126).png,1,0.23802083333333332,0.5212962962962963,0.032,0.03
EinzelnerReiter2_frame(126).png,2,0.23802083333333332,0.508,0.013,0.03
