image,label,x,y,width,height
EinzelnerReiter2_frame(37).png,1,0.15598958333333332,0.5212962962962963,0.034,0.04
EinzelnerReiter2_frame(37).png,2,0.15598958333333332,0.51,0.011,0.04
