image,label,x,y,width,height
EinzelnerReiter3_frame(111).png,1,0.026041666666666668,0.5236111111111111,0.018229166666666668,0.052314814814814814
EinzelnerReiter3_frame(111).png,2,0.026041666666666668,0.505,0.01,0.052314814814814814
