image,label,x,y,width,height
EinzelnerReiter_frame(13).png,1,0.49140625,0.5351851851851852,0.01484375,0.060648148148148145
EinzelnerReiter_frame(13).png,2,0.48984375,0.5083333333333333,0.013802083333333333,0.05092592592592592
