image,label,x,y,width,height
EinzelnerReiter3_frame(28).png,2,0.30807291666666664,0.5009259259259259,0.031510416666666666,0.09907407407407408
EinzelnerReiter3_frame(28).png,1,0.3065104166666667,0.5532407407407407,0.03333333333333333,0.10277777777777777
