image,label,x,y,width,height
EinzelnerReiter_frame(99).png,1,0.98,0.56,0.04,0.15
EinzelnerReiter_frame(99).png,2,0.9880208333333333,0.5111111111111111,0.02109375,0.12824074074074074
