image,label,x,y,width,height
EinzelnerReiterOutdoor3_frame(54).png,1,0.6697916666666667,0.549074074074074,0.01328125,0.040740740740740744
EinzelnerReiterOutdoor3_frame(54).png,2,0.6697916666666667,0.5314814814814814,0.010677083333333334,0.03796296296296296
