image,label,x,y,width,height
EinzelnerReiter2_frame(106).png,1,0.11328125,0.5226851851851851,0.031510416666666666,0.058333333333333334
EinzelnerReiter2_frame(106).png,2,0.115625,0.49907407407407406,0.013802083333333333,0.04722222222222222
