image,label,x,y,width,height
EinzelnerReiterOutdoor3_frame(36).png,1,0.5497395833333333,0.5527777777777778,0.01953125,0.02962962962962963
EinzelnerReiterOutdoor3_frame(36).png,2,0.5502604166666667,0.5347222222222222,0.013802083333333333,0.034722222222222224
