image,label,x,y,width,height
EinzelnerReiterOutdoor_frame(65).png,2,0.30364583333333334,0.5467592592592593,0.017447916666666667,0.06805555555555555
EinzelnerReiterOutdoor_frame(65).png,1,0.3046875,0.5791666666666667,0.054947916666666666,0.0787037037037037
