image,label,x,y,width,height
EinzelnerReiter_frame(51).png,1,0.68203125,0.5388888888888889,0.022395833333333334,0.05787037037037037
EinzelnerReiter_frame(51).png,2,0.67890625,0.5120370370370371,0.01328125,0.05092592592592592
