image,label,x,y,width,height
EinzelnerReiterOutdoor_frame(14).png,2,0.6229166666666667,0.549074074074074,0.0203125,0.08148148148148149
EinzelnerReiterOutdoor_frame(14).png,1,0.6255208333333333,0.5861111111111111,0.04401041666666667,0.08703703703703704
