image,label,x,y,width,height
EinzelnerReiter3_frame(39).png,1,0.321875,0.5217592592592593,0.0171875,0.03935185185185185
EinzelnerReiter3_frame(39).png,2,0.3190104166666667,0.5055555555555555,0.010416666666666666,0.03518518518518519
