image,label,x,y,width,height
EinzelnerReiter2_frame(100).png,2,0.0640625,0.5018518518518519,0.019010416666666665,0.07685185185185185
EinzelnerReiter2_frame(100).png,1,0.07135416666666666,0.5337962962962963,0.036458333333333336,0.07731481481481481
