image,label,x,y,width,height
EinzelnerReiter2_frame(92).png,2,0.3815104166666667,0.5078703703703704,0.018229166666666668,0.06666666666666667
EinzelnerReiter2_frame(92).png,1,0.38645833333333335,0.537962962962963,0.046875,0.07685185185185185
