image,label,x,y,width,height
EinzelnerReiter2_frame(54).png,2,0.2598958333333333,0.5,0.015885416666666666,0.05555555555555555
EinzelnerReiter2_frame(54).png,1,0.2598958333333333,0.5268518518518519,0.016666666666666666,0.060648148148148145
