image,label,x,y,width,height
EinzelnerReiter2_frame(9).png,2,0.6325520833333333,0.5055555555555555,0.022395833333333334,0.09259259259259259
EinzelnerReiter2_frame(9).png,1,0.6276041666666666,0.5537037037037037,0.09088541666666666,0.12129629629629629
