image,label,x,y,width,height
EinzelnerReiterOutdoor3_frame(61).png,2,0.6481770833333333,0.5328703703703703,0.013541666666666667,0.03796296296296296
EinzelnerReiterOutdoor3_frame(61).png,1,0.6497395833333334,0.549537037037037,0.015885416666666666,0.04583333333333333
