image,label,x,y,width,height
EinzelnerReiterOutdoor3_frame(78).png,1,0.22395833333333334,0.58,0.06380208333333333,0.08
EinzelnerReiterOutdoor3_frame(78).png,2,0.227,0.5560185185185185,0.018,0.06388888888888888
