image,label,x,y,width,height
EinzelnerReiter3_frame(73).png,2,0.2677083333333333,0.49907407407407406,0.0140625,0.053703703703703705
EinzelnerReiter3_frame(73).png,1,0.26875,0.524537037037037,0.021354166666666667,0.060648148148148145
