image,label,x,y,width,height
EinzelnerReiter2_frame(29).png,1,0.03984375,0.5259259259259259,0.027604166666666666,0.058333333333333334
EinzelnerReiter2_frame(29).png,2,0.03984375,0.505,0.013,0.043
