image,label,x,y,width,height
EinzelnerReiter2_frame(48).png,2,0.27578125,0.5027777777777778,0.01171875,0.03611111111111111
EinzelnerReiter2_frame(48).png,1,0.2747395833333333,0.5203703703703704,0.0140625,0.0412037037037037
