image,label,x,y,width,height
EinzelnerReiterOutdoor3_frame(28).png,1,0.27265625,0.587037037037037,0.053385416666666664,0.06574074074074074
EinzelnerReiterOutdoor3_frame(28).png,2,0.28151041666666665,0.5523148148148148,0.017708333333333333,0.06574074074074074
