image,label,x,y,width,height
EinzelnerReiter3_frame(84).png,2,0.4921875,0.5041666666666667,0.01796875,0.09027777777777778
EinzelnerReiter3_frame(84).png,1,0.49583333333333335,0.5472222222222223,0.06484375,0.09305555555555556
