image,label,x,y,width,height
EinzelnerReiterOutdoor3_frame(7).png,2,0.7950520833333333,0.5328703703703703,0.015364583333333333,0.05185185185185185
EinzelnerReiterOutdoor3_frame(7).png,1,0.7950520833333333,0.5527777777777778,0.015104166666666667,0.04351851851851852
