image,label,x,y,width,height
EinzelnerReiterOutdoor_frame(97).png,1,0.6151041666666667,0.5643518518518519,0.052083333333333336,0.058333333333333334
EinzelnerReiterOutdoor_frame(97).png,2,0.6151041666666667,0.5444444444444444,0.018489583333333334,0.05462962962962963
