image,label,x,y,width,height
EinzelnerReiterOutdoor3_frame(58).png,2,0.6458333333333334,0.5314814814814814,0.012239583333333333,0.03796296296296296
EinzelnerReiterOutdoor3_frame(58).png,1,0.64765625,0.5513888888888889,0.015625,0.04675925925925926
