image,label,x,y,width,height
EinzelnerReiterOutdoor3_frame(23).png,2,0.30520833333333336,0.562037037037037,0.024739583333333332,0.11064814814814815
EinzelnerReiterOutdoor3_frame(23).png,1,0.31197916666666664,0.6212962962962963,0.09453125,0.12129629629629629
