image,label,x,y,width,height
EinzelnerReiter2_frame(125).png,1,0.2546875,0.5217592592592593,0.02265625,0.033796296296296297
EinzelnerReiter2_frame(125).png,2,0.25364583333333335,0.5060185185185185,0.0109375,0.03287037037037037
