image,label,x,y,width,height
EinzelnerReiterOutdoor_frame(69).png,2,0.1734375,0.5731481481481482,0.028645833333333332,0.10925925925925926
EinzelnerReiterOutdoor_frame(69).png,1,0.17109375,0.6273148148148148,0.05364583333333333,0.12129629629629629
