image,label,x,y,width,height
EinzelnerReiter2_frame(112).png,1,0.19010416666666666,0.5203703703703704,0.031510416666666666,0.04212962962962963
EinzelnerReiter2_frame(112).png,2,0.19244791666666666,0.500462962962963,0.0109375,0.0412037037037037
