image,label,x,y,width,height
EinzelnerReiter3_frame(124).png,1,0.1859375,0.5180555555555556,0.017447916666666667,0.04259259259259259
EinzelnerReiter3_frame(124).png,2,0.18723958333333332,0.4981481481481482,0.0109375,0.0412037037037037
