image,label,x,y,width,height
EinzelnerReiter3_frame(75).png,2,0.26901041666666664,0.4976851851851852,0.012760416666666666,0.055092592592592596
EinzelnerReiter3_frame(75).png,1,0.27005208333333336,0.5236111111111111,0.019791666666666666,0.06435185185185185
