image,label,x,y,width,height
EinzelnerReiterOutdoor3_frame(14).png,2,0.6354166666666666,0.5333333333333333,0.011979166666666667,0.03425925925925926
EinzelnerReiterOutdoor3_frame(14).png,1,0.6356770833333333,0.5513888888888889,0.012239583333333333,0.03888888888888889
