image,label,x,y,width,height
EinzelnerReiter2_frame(134).png,1,0.038802083333333334,0.524537037037037,0.026822916666666665,0.053703703703703705
EinzelnerReiter2_frame(134).png,2,0.037760416666666664,0.5050925925925925,0.015104166666666667,0.05092592592592592
