image,label,x,y,width,height
EinzelnerReiterOutdoor3_frame(68).png,2,0.5622395833333333,0.5421296296296296,0.015104166666666667,0.05092592592592592
EinzelnerReiterOutdoor3_frame(68).png,1,0.5651041666666666,0.5689814814814815,0.026041666666666668,0.06
