image,label,x,y,width,height
EinzelnerReiterOutdoor_frame(89).png,1,0.5864583333333333,0.5504629629629629,0.019791666666666666,0.03194444444444444
EinzelnerReiterOutdoor_frame(89).png,2,0.5880208333333333,0.5328703703703703,0.01171875,0.030555555555555555
