image,label,x,y,width,height
EinzelnerReiterOutdoor3_frame(9).png,2,0.7638020833333333,0.5314814814814814,0.012760416666666666,0.04259259259259259
EinzelnerReiterOutdoor3_frame(9).png,1,0.7658854166666667,0.5504629629629629,0.025520833333333333,0.041666666666666664
