image,label,x,y,width,height
EinzelnerReiterOutdoor3_frame(79).png,1,0.29010416666666666,0.5847222222222223,0.055,0.08
EinzelnerReiterOutdoor3_frame(79).png,2,0.293,0.5532407407407407,0.015,0.05277777777777778
