image,label,x,y,width,height
EinzelnerReiter3_frame(106).png,1,0.13203125,0.5296296296296297,0.028385416666666666,0.07175925925925926
EinzelnerReiter3_frame(106).png,2,0.12916666666666668,0.5013888888888889,0.0140625,0.06157407407407407
