image,label,x,y,width,height
EinzelnerReiter2_frame(62).png,2,0.2078125,0.5027777777777778,0.03333333333333333,0.11203703703703703
EinzelnerReiter2_frame(62).png,1,0.20546875,0.5569444444444445,0.03828125,0.11805555555555555
