image,label,x,y,width,height
EinzelnerReiter2_frame(45).png,1,0.27708333333333335,0.5208333333333334,0.01484375,0.03287037037037037
EinzelnerReiter2_frame(45).png,2,0.27838541666666666,0.5046296296296297,0.0109375,0.034722222222222224
