image,label,x,y,width,height
EinzelnerReiter3_frame(63).png,2,0.24765625,0.5018518518518519,0.012760416666666666,0.044444444444444446
EinzelnerReiter3_frame(63).png,1,0.24895833333333334,0.5226851851851851,0.019791666666666666,0.05462962962962963
