image,label,x,y,width,height
EinzelnerReiter2_frame(95).png,2,0.28229166666666666,0.5037037037037037,0.0171875,0.06574074074074074
EinzelnerReiter2_frame(95).png,1,0.2864583333333333,0.53,0.06458333333333334,0.085
