image,label,x,y,width,height
EinzelnerReiter3_frame(98).png,2,0.42135416666666664,0.5064814814814815,0.01484375,0.050462962962962966
EinzelnerReiter3_frame(98).png,1,0.4197916666666667,0.5324074074074074,0.0484375,0.06574074074074074
