image,label,x,y,width,height
EinzelnerReiterOutdoor_frame(57).png,1,0.7205729166666667,0.5439814814814815,0.019010416666666665,0.03796296296296296
EinzelnerReiterOutdoor_frame(57).png,2,0.7205729166666667,0.5273148148148148,0.013541666666666667,0.03611111111111111
