image,label,x,y,width,height
EinzelnerReiter2_frame(148).png,1,0.265625,0.5263888888888889,0.03671875,0.06666666666666667
EinzelnerReiter2_frame(148).png,2,0.2682291666666667,0.5,0.012760416666666666,0.05648148148148148
