image,label,x,y,width,height
EinzelnerReiterOutdoor_frame(19).png,1,0.5140625,0.5652777777777778,0.015625,0.04212962962962963
EinzelnerReiterOutdoor_frame(19).png,2,0.5122395833333333,0.5435185185185185,0.009895833333333333,0.0412037037037037
