image,label,x,y,width,height
EinzelnerReiterOutdoor_frame(16).png,2,0.5630208333333333,0.5421296296296296,0.016927083333333332,0.06574074074074074
EinzelnerReiterOutdoor_frame(16).png,1,0.56484375,0.5745370370370371,0.025260416666666667,0.06805555555555555
