image,label,x,y,width,height
EinzelnerReiter_frame(52).png,1,0.6856770833333333,0.5375,0.0225,0.06
EinzelnerReiter_frame(52).png,2,0.6809895833333334,0.5115740740740741,0.010677083333333334,0.05
