image,label,x,y,width,height
EinzelnerReiterOutdoor_frame(100).png,2,0.7625,0.5314814814814814,0.013020833333333334,0.050462962962962966
EinzelnerReiterOutdoor_frame(100).png,1,0.76015625,0.5583333333333333,0.02578125,0.05416666666666667
