image,label,x,y,width,height
EinzelnerReiterOutdoor_frame(64).png,1,0.37552083333333336,0.5731481481481482,0.04869791666666667,0.05787037037037037
EinzelnerReiterOutdoor_frame(64).png,2,0.377,0.549537037037037,0.014583333333333334,0.05648148148148148
