image,label,x,y,width,height
EinzelnerReiterOutdoor_frame(39).png,1,0.6611979166666667,0.5462962962962963,0.027083333333333334,0.04212962962962963
EinzelnerReiterOutdoor_frame(39).png,2,0.66015625,0.5300925925925926,0.014322916666666666,0.0375
