image,label,x,y,width,height
EinzelnerReiterOutdoor_frame(18).png,2,0.5234375,0.5402777777777777,0.013020833333333334,0.052314814814814814
EinzelnerReiterOutdoor_frame(18).png,1,0.5270833333333333,0.5662037037037037,0.019270833333333334,0.05185185185185185
