image,label,x,y,width,height
EinzelnerReiter2_frame(176).png,2,0.22916666666666666,0.5018518518518519,0.0203125,0.06805555555555555
EinzelnerReiter2_frame(176).png,1,0.22760416666666666,0.5328703703703703,0.0265625,0.07685185185185185
