image,label,x,y,width,height
EinzelnerReiter2_frame(86).png,2,0.34296875,0.5009259259259259,0.01640625,0.06574074074074074
EinzelnerReiter2_frame(86).png,1,0.3411458333333333,0.537962962962963,0.04296875,0.07731481481481481
