image,label,x,y,width,height
EinzelnerReiter_frame(35).png,1,0.95859375,0.5694444444444444,0.07864583333333333,0.12175925925925926
EinzelnerReiter_frame(35).png,2,0.9572916666666667,0.5092592592592593,0.023697916666666666,0.11388888888888889
