image,label,x,y,width,height
EinzelnerReiter2_frame(107).png,1,0.13125,0.52,0.029427083333333333,0.06
EinzelnerReiter2_frame(107).png,2,0.13359375,0.5018518518518519,0.013541666666666667,0.05138888888888889
