image,label,x,y,width,height
EinzelnerReiter_frame(55).png,1,0.6403645833333333,0.5310185185185186,0.018489583333333334,0.0375
EinzelnerReiter_frame(55).png,2,0.63828125,0.5115740740740741,0.009895833333333333,0.03564814814814815
