image,label,x,y,width,height
EinzelnerReiter3_frame(36).png,1,0.32578125,0.5231481481481481,0.0171875,0.04490740740740741
EinzelnerReiter3_frame(36).png,2,0.32578125,0.5023148148148148,0.0125,0.04583333333333333
