image,label,x,y,width,height
EinzelnerReiter3_frame(85).png,1,0.54140625,0.5458333333333333,0.0953125,0.11018518518518519
EinzelnerReiter3_frame(85).png,2,0.5455729166666666,0.5023148148148148,0.019791666666666666,0.10138888888888889
