image,label,x,y,width,height
EinzelnerReiter_frame(28).png,1,0.5143229166666666,0.5611111111111111,0.030208333333333334,0.13842592592592592
EinzelnerReiter_frame(28).png,2,0.5114583333333333,0.5078703703703704,0.031510416666666666,0.11666666666666667
