image,label,x,y,width,height
EinzelnerReiter3_frame(137).png,2,0.10494791666666667,0.49907407407407406,0.016927083333333332,0.06805555555555555
EinzelnerReiter3_frame(137).png,1,0.10390625,0.5300925925925926,0.02890625,0.07083333333333333
