image,label,x,y,width,height
EinzelnerReiter_frame(76).png,1,0.5658854166666667,0.5254629629629629,0.022135416666666668,0.02962962962962963
EinzelnerReiter_frame(76).png,2,0.565,0.5106481481481482,0.010416666666666666,0.027777777777777776
