image,label,x,y,width,height
EinzelnerReiter2_frame(116).png,2,0.17682291666666666,0.5009259259259259,0.012760416666666666,0.049074074074074076
EinzelnerReiter2_frame(116).png,1,0.17864583333333334,0.5212962962962963,0.0296875,0.04722222222222222
