image,label,x,y,width,height
EinzelnerReiter3_frame(131).png,2,0.2630208333333333,0.4981481481481482,0.01484375,0.04583333333333333
EinzelnerReiter3_frame(131).png,1,0.26276041666666666,0.5217592592592593,0.019270833333333334,0.05787037037037037
