image,label,x,y,width,height
EinzelnerReiterOutdoor_frame(88).png,1,0.6177083333333333,0.5481481481481482,0.028385416666666666,0.03888888888888889
EinzelnerReiterOutdoor_frame(88).png,2,0.61875,0.5310185185185186,0.014322916666666666,0.034722222222222224
