image,label,x,y,width,height
EinzelnerReiter2_frame(44).png,1,0.27291666666666664,0.5199074074074074,0.014583333333333334,0.034722222222222224
EinzelnerReiter2_frame(44).png,2,0.2734375,0.5055555555555555,0.010416666666666666,0.03194444444444444
