image,label,x,y,width,height
EinzelnerReiter2_frame(25).png,1,0.14947916666666666,0.5273148148148148,0.03697916666666667,0.07361111111111111
EinzelnerReiter2_frame(25).png,2,0.14661458333333333,0.5055555555555555,0.016927083333333332,0.06342592592592593
