image,label,x,y,width,height
EinzelnerReiter3_frame(55).png,1,0.17578125,0.5208333333333334,0.018229166666666668,0.03888888888888889
EinzelnerReiter3_frame(55).png,2,0.17552083333333332,0.5027777777777778,0.01015625,0.038425925925925926
