image,label,x,y,width,height
EinzelnerReiter3_frame(59).png,2,0.203125,0.5023148148148148,0.011458333333333333,0.040740740740740744
EinzelnerReiter3_frame(59).png,1,0.20286458333333332,0.5226851851851851,0.01875,0.04537037037037037
