image,label,x,y,width,height
EinzelnerReiter_frame(78).png,1,0.5966145833333333,0.5273148148148148,0.012239583333333333,0.026851851851851852
EinzelnerReiter_frame(78).png,2,0.5966145833333333,0.5101851851851852,0.00703125,0.027314814814814816
