image,label,x,y,width,height
EinzelnerReiter_frame(42).png,1,0.6731770833333334,0.5351851851851852,0.035416666666666666,0.04722222222222222
EinzelnerReiter_frame(42).png,2,0.6705729166666666,0.5115740740740741,0.010416666666666666,0.044444444444444446
