image,label,x,y,width,height
EinzelnerReiterOutdoor3_frame(13).png,2,0.64765625,0.5324074074074074,0.01171875,0.03611111111111111
EinzelnerReiterOutdoor3_frame(13).png,1,0.6481770833333333,0.5504629629629629,0.0140625,0.04351851851851852
