image,label,x,y,width,height
EinzelnerReiter_frame(15).png,1,0.49192708333333335,0.5356481481481481,0.01484375,0.05925925925925926
EinzelnerReiter_frame(15).png,2,0.490625,0.5097222222222222,0.012760416666666666,0.04722222222222222
