image,label,x,y,width,height
EinzelnerReiter3_frame(62).png,2,0.23567708333333334,0.5013888888888889,0.012239583333333333,0.043055555555555555
EinzelnerReiter3_frame(62).png,1,0.2359375,0.5231481481481481,0.022395833333333334,0.053703703703703705
