image,label,x,y,width,height
EinzelnerReiterOutdoor_frame(90).png,1,0.5567708333333333,0.5504629629629629,0.019791666666666666,0.0375
EinzelnerReiterOutdoor_frame(90).png,2,0.55703125,0.5314814814814814,0.0109375,0.034722222222222224
