image,label,x,y,width,height
EinzelnerReiter2_frame(101).png,2,0.05,0.5018518518518519,0.0203125,0.07083333333333333
EinzelnerReiter2_frame(101).png,1,0.0515625,0.5287037037037037,0.025520833333333333,0.07824074074074074
