image,label,x,y,width,height
EinzelnerReiterOutdoor3_frame(5).png,2,0.7859375,0.5361111111111111,0.018489583333333334,0.05787037037037037
EinzelnerReiterOutdoor3_frame(5).png,1,0.7869791666666667,0.5611111111111111,0.0203125,0.05
