image,label,x,y,width,height
EinzelnerReiter3_frame(100).png,2,0.3307291666666667,0.5009259259259259,0.016145833333333335,0.06111111111111111
EinzelnerReiter3_frame(100).png,1,0.33671875,0.5291666666666667,0.051041666666666666,0.07361111111111111
