image,label,x,y,width,height
EinzelnerReiter_frame(94).png,1,0.3971354166666667,0.6694444444444444,0.36328125,0.37037037037037035
EinzelnerReiter_frame(94).png,2,0.40625,0.5375,0.06536458333333334,0.399537037037037
