image,label,x,y,width,height
EinzelnerReiterOutdoor3_frame(6).png,2,0.7908854166666667,0.538425925925926,0.015625,0.05324074074074074
EinzelnerReiterOutdoor3_frame(6).png,1,0.7921875,0.5592592592592592,0.021354166666666667,0.047685185185185185
