image,label,x,y,width,height
EinzelnerReiterOutdoor3_frame(76).png,1,0.1234375,0.6097222222222223,0.04479166666666667,0.09814814814814815
EinzelnerReiterOutdoor3_frame(76).png,2,0.12838541666666667,0.5611111111111111,0.02734375,0.09583333333333334
