image,label,x,y,width,height
EinzelnerReiterOutdoor_frame(67).png,2,0.17760416666666667,0.5574074074074075,0.021614583333333333,0.08981481481481482
EinzelnerReiterOutdoor_frame(67).png,1,0.17291666666666666,0.6027777777777777,0.048177083333333336,0.0912037037037037
