image,label,x,y,width,height
EinzelnerReiterOutdoor3_frame(67).png,2,0.59140625,0.5421296296296296,0.013802083333333333,0.047685185185185185
EinzelnerReiterOutdoor3_frame(67).png,1,0.5911458333333334,0.5666666666666667,0.028,0.06
