image,label,x,y,width,height
EinzelnerReiter2_frame(30).png,1,0.027604166666666666,0.5236111111111111,0.018489583333333334,0.05555555555555555
EinzelnerReiter2_frame(30).png,2,0.0278,0.505,0.01,0.045
