image,label,x,y,width,height
EinzelnerReiter3_frame(45).png,2,0.275,0.5060185185185185,0.009895833333333333,0.03333333333333333
EinzelnerReiter3_frame(45).png,1,0.275,0.5212962962962963,0.017447916666666667,0.031018518518518518
