image,label,x,y,width,height
EinzelnerReiter2_frame(145).png,1,0.18463541666666666,0.5212962962962963,0.03619791666666667,0.06481481481481481
EinzelnerReiter2_frame(145).png,2,0.18411458333333333,0.49444444444444446,0.012239583333333333,0.06157407407407407
