image,label,x,y,width,height
EinzelnerReiterOutdoor3_frame(52).png,1,0.6875,0.5439814814814815,0.015104166666666667,0.03935185185185185
EinzelnerReiterOutdoor3_frame(52).png,2,0.6875,0.5273148148148148,0.012,0.03657407407407407
