image,label,x,y,width,height
EinzelnerReiter3_frame(47).png,1,0.26614583333333336,0.5203703703703704,0.02265625,0.033796296296296297
EinzelnerReiter3_frame(47).png,2,0.2635416666666667,0.5037037037037037,0.010677083333333334,0.02962962962962963
