image,label,x,y,width,height
EinzelnerReiter_frame(29).png,1,0.5486979166666667,0.5847222222222223,0.08203125,0.18888888888888888
EinzelnerReiter_frame(29).png,2,0.53828125,0.5097222222222222,0.03671875,0.1476851851851852
