image,label,x,y,width,height
EinzelnerReiter_frame(9).png,1,0.49166666666666664,0.5351851851851852,0.013541666666666667,0.05462962962962963
EinzelnerReiter_frame(9).png,2,0.4901041666666667,0.5106481481481482,0.0125,0.04814814814814815
