image,label,x,y,width,height
EinzelnerReiter2_frame(17).png,2,0.6364583333333333,0.5101851851851852,0.015104166666666667,0.06898148148148148
EinzelnerReiter2_frame(17).png,1,0.6408854166666667,0.5416666666666666,0.07265625,0.07175925925925926
