image,label,x,y,width,height
EinzelnerReiterOutdoor_frame(71).png,2,0.3421875,0.5736111111111111,0.025,0.14166666666666666
EinzelnerReiterOutdoor_frame(71).png,1,0.34010416666666665,0.637962962962963,0.12109375,0.1486111111111111
