image,label,x,y,width,height
EinzelnerReiterOutdoor_frame(91).png,1,0.5325520833333334,0.5523148148148148,0.018229166666666668,0.03333333333333333
EinzelnerReiterOutdoor_frame(91).png,2,0.5333333333333333,0.5333333333333333,0.010416666666666666,0.03009259259259259
