image,label,x,y,width,height
EinzelnerReiter2_frame(56).png,2,0.25416666666666665,0.49583333333333335,0.015885416666666666,0.06527777777777778
EinzelnerReiter2_frame(56).png,1,0.2557291666666667,0.525,0.026302083333333334,0.06944444444444445
