image,label,x,y,width,height
EinzelnerReiter2_frame(144).png,2,0.16171875,0.4962962962962963,0.010416666666666666,0.058333333333333334
EinzelnerReiter2_frame(144).png,1,0.16145833333333334,0.5203703703703704,0.028385416666666666,0.0587962962962963
