image,label,x,y,width,height
EinzelnerReiter3_frame(139).png,2,0.1140625,0.4976851851851852,0.016145833333333335,0.06388888888888888
EinzelnerReiter3_frame(139).png,1,0.11197916666666667,0.524537037037037,0.044270833333333336,0.06620370370370371
