image,label,x,y,width,height
EinzelnerReiter2_frame(22).png,2,0.28046875,0.4986111111111111,0.013802083333333333,0.055092592592592596
EinzelnerReiter2_frame(22).png,1,0.28411458333333334,0.5226851851851851,0.04,0.06018518518518518
