image,label,x,y,width,height
EinzelnerReiter_frame(66).png,1,0.46510416666666665,0.5259259259259259,0.021,0.038
EinzelnerReiter_frame(66).png,2,0.46510416666666665,0.51,0.013,0.03425925925925926
