image,label,x,y,width,height
EinzelnerReiter2_frame(27).png,1,0.084375,0.5226851851851851,0.0296875,0.05277777777777778
EinzelnerReiter2_frame(27).png,2,0.0828125,0.5009259259259259,0.01484375,0.049074074074074076
