image,label,x,y,width,height
EinzelnerReiter2_frame(52).png,2,0.27057291666666666,0.49953703703703706,0.01328125,0.04537037037037037
EinzelnerReiter2_frame(52).png,1,0.27109375,0.5236111111111111,0.014583333333333334,0.05092592592592592
