image,label,x,y,width,height
EinzelnerReiter2_frame(82).png,2,0.4244791666666667,0.5060185185185185,0.01484375,0.06111111111111111
EinzelnerReiter2_frame(82).png,1,0.4276041666666667,0.5351851851851852,0.054947916666666666,0.07314814814814814
