image,label,x,y,width,height
EinzelnerReiter3_frame(141).png,1,0.18125,0.5273148148148148,0.051041666666666666,0.059722222222222225
EinzelnerReiter3_frame(141).png,2,0.18255208333333334,0.49953703703703706,0.01171875,0.052314814814814814
