image,label,x,y,width,height
EinzelnerReiter2_frame(50).png,2,0.2752604166666667,0.500462962962963,0.012239583333333333,0.0412037037037037
EinzelnerReiter2_frame(50).png,1,0.2747395833333333,0.5208333333333334,0.014583333333333334,0.04490740740740741
