image,label,x,y,width,height
EinzelnerReiterOutdoor3_frame(66).png,2,0.6080729166666666,0.5351851851851852,0.016666666666666666,0.04722222222222222
EinzelnerReiterOutdoor3_frame(66).png,1,0.6106770833333334,0.5601851851851852,0.020833333333333332,0.04861111111111111
