image,label,x,y,width,height
EinzelnerReiterOutdoor_frame(41).png,1,0.5934895833333333,0.5481481481481482,0.013802083333333333,0.033796296296296297
EinzelnerReiterOutdoor_frame(41).png,2,0.5940104166666667,0.5328703703703703,0.009895833333333333,0.030555555555555555
