image,label,x,y,width,height
EinzelnerReiter3_frame(58).png,1,0.19479166666666667,0.5208333333333334,0.019270833333333334,0.04398148148148148
EinzelnerReiter3_frame(58).png,2,0.19427083333333334,0.5027777777777778,0.010677083333333334,0.04027777777777778
