image,label,x,y,width,height
EinzelnerReiterOutdoor3_frame(25).png,1,0.14010416666666667,0.6162037037037037,0.039322916666666666,0.09675925925925925
EinzelnerReiterOutdoor3_frame(25).png,2,0.14010416666666667,0.5680555555555555,0.02734375,0.08425925925925926
