image,label,x,y,width,height
EinzelnerReiterOutdoor_frame(72).png,2,0.484375,0.5777777777777777,0.027604166666666666,0.1388888888888889
EinzelnerReiterOutdoor_frame(72).png,1,0.4744791666666667,0.6435185185185185,0.13567708333333334,0.15324074074074073
