image,label,x,y,width,height
EinzelnerReiter_frame(59).png,1,0.59,0.5287037037037037,0.02,0.031
EinzelnerReiter_frame(59).png,2,0.59,0.5125,0.00859375,0.027314814814814816
