image,label,x,y,width,height
EinzelnerReiterOutdoor_frame(6).png,2,0.18880208333333334,0.5606481481481481,0.02109375,0.0837962962962963
EinzelnerReiterOutdoor_frame(6).png,1,0.1828125,0.6055555555555555,0.03984375,0.09351851851851851
