image,label,x,y,width,height
EinzelnerReiter_frame(57).png,1,0.615625,0.5277777777777778,0.015885416666666666,0.03564814814814815
EinzelnerReiter_frame(57).png,2,0.6127604166666667,0.5101851851851852,0.00859375,0.029166666666666667
