image,label,x,y,width,height
EinzelnerReiter3_frame(81).png,1,0.3768229166666667,0.5351851851851852,0.04973958333333333,0.07824074074074074
EinzelnerReiter3_frame(81).png,2,0.37734375,0.4986111111111111,0.015104166666666667,0.07314814814814814
