image,label,x,y,width,height
EinzelnerReiter2_frame(68).png,1,0.64375,0.575,0.11171875,0.16574074074074074
EinzelnerReiter2_frame(68).png,2,0.6565104166666667,0.5,0.04244791666666667,0.16944444444444445
