image,label,x,y,width,height
EinzelnerReiter2_frame(114).png,1,0.18645833333333334,0.5208333333333334,0.02109375,0.04398148148148148
EinzelnerReiter2_frame(114).png,2,0.18828125,0.4976851851851852,0.0109375,0.040740740740740744
