image,label,x,y,width,height
EinzelnerReiter_frame(4).png,1,0.48776041666666664,0.5268518518518519,0.008854166666666666,0.03425925925925926
EinzelnerReiter_frame(4).png,2,0.4869791666666667,0.5111111111111111,0.0078125,0.03009259259259259
