image,label,x,y,width,height
EinzelnerReiter3_frame(122).png,1,0.17291666666666666,0.5203703703703704,0.01875,0.03611111111111111
EinzelnerReiter3_frame(122).png,2,0.17317708333333334,0.5009259259259259,0.009635416666666667,0.03796296296296296
