image,label,x,y,width,height
EinzelnerReiter3_frame(113).png,1,0.016666666666666666,0.5212962962962963,0.0203125,0.04861111111111111
EinzelnerReiter3_frame(113).png,2,0.016666666666666666,0.505,0.014,0.04861111111111111
