image,label,x,y,width,height
EinzelnerReiter2_frame(147).png,2,0.23776041666666667,0.500462962962963,0.01328125,0.05694444444444444
EinzelnerReiter2_frame(147).png,1,0.23567708333333334,0.5268518518518519,0.04088541666666667,0.06759259259259259
