image,label,x,y,width,height
EinzelnerReiter_frame(12).png,1,0.49140625,0.5347222222222222,0.014583333333333334,0.06157407407407407
EinzelnerReiter_frame(12).png,2,0.4895833333333333,0.5069444444444444,0.0140625,0.05277777777777778
