image,label,x,y,width,height
EinzelnerReiter3_frame(110).png,2,0.037760416666666664,0.5050925925925925,0.015625,0.05138888888888889
EinzelnerReiter3_frame(110).png,1,0.04140625,0.5268518518518519,0.025,0.060648148148148145
