image,label,x,y,width,height
EinzelnerReiter2_frame(130).png,1,0.144,0.5203703703703704,0.029,0.041666666666666664
EinzelnerReiter2_frame(130).png,2,0.144,0.508,0.01,0.037
