image,label,x,y,width,height
EinzelnerReiter3_frame(154).png,2,0.16484375,0.48657407407407405,0.0390625,0.14537037037037037
EinzelnerReiter3_frame(154).png,1,0.16666666666666666,0.5555555555555556,0.05625,0.16064814814814815
