image,label,x,y,width,height
EinzelnerReiterOutdoor_frame(24).png,1,0.586,0.547,0.015104166666666667,0.032407407407407406
EinzelnerReiterOutdoor_frame(24).png,2,0.586,0.533,0.01,0.031018518518518518
