image,label,x,y,width,height
EinzelnerReiterOutdoor3_frame(29).png,1,0.334375,0.5782407407407407,0.04010416666666667,0.05462962962962963
EinzelnerReiterOutdoor3_frame(29).png,2,0.34088541666666666,0.5458333333333333,0.015104166666666667,0.05416666666666667
