image,label,x,y,width,height
EinzelnerReiter2_frame(83).png,2,0.39609375,0.49675925925925923,0.019010416666666665,0.07037037037037037
EinzelnerReiter2_frame(83).png,1,0.39609375,0.5319444444444444,0.061197916666666664,0.07592592592592592
