image,label,x,y,width,height
EinzelnerReiterOutdoor_frame(103).png,2,0.7973958333333333,0.5314814814814814,0.013541666666666667,0.04953703703703704
EinzelnerReiterOutdoor_frame(103).png,1,0.7981770833333334,0.5509259259259259,0.015364583333333333,0.04537037037037037
