image,label,x,y,width,height
EinzelnerReiterOutdoor3_frame(34).png,2,0.5145833333333333,0.5361111111111111,0.012239583333333333,0.03564814814814815
EinzelnerReiterOutdoor3_frame(34).png,1,0.5130208333333334,0.5569444444444445,0.021614583333333333,0.034722222222222224
