image,label,x,y,width,height
EinzelnerReiterOutdoor3_frame(22).png,2,0.4005208333333333,0.5569444444444445,0.030208333333333334,0.10092592592592593
EinzelnerReiterOutdoor3_frame(22).png,1,0.4088541666666667,0.6064814814814815,0.07838541666666667,0.09074074074074075
