image,label,x,y,width,height
EinzelnerReiter2_frame(40).png,1,0.22708333333333333,0.5208333333333334,0.03,0.034722222222222224
EinzelnerReiter2_frame(40).png,2,0.22708333333333333,0.51,0.01,0.034722222222222224
