image,label,x,y,width,height
EinzelnerReiter2_frame(23).png,2,0.22942708333333334,0.5032407407407408,0.01328125,0.053703703703703705
EinzelnerReiter2_frame(23).png,1,0.2328125,0.524537037037037,0.03958333333333333,0.06435185185185185
