image,label,x,y,width,height
EinzelnerReiter_frame(43).png,1,0.6442708333333333,0.5347222222222222,0.04479166666666667,0.05
EinzelnerReiter_frame(43).png,2,0.6411458333333333,0.5138888888888888,0.008072916666666667,0.038425925925925926
