image,label,x,y,width,height
EinzelnerReiter3_frame(30).png,2,0.3171875,0.5074074074074074,0.023697916666666666,0.0787037037037037
EinzelnerReiter3_frame(30).png,1,0.31614583333333335,0.5444444444444444,0.030729166666666665,0.07962962962962963
