image,label,x,y,width,height
EinzelnerReiter3_frame(34).png,2,0.32421875,0.5055555555555555,0.015364583333333333,0.041666666666666664
EinzelnerReiter3_frame(34).png,1,0.32369791666666664,0.5277777777777778,0.015885416666666666,0.05138888888888889
