image,label,x,y,width,height
EinzelnerReiterOutdoor3_frame(74).png,2,0.2015625,0.5777777777777777,0.02890625,0.10833333333333334
EinzelnerReiterOutdoor3_frame(74).png,1,0.2078125,0.62,0.07265625,0.14
