image,label,x,y,width,height
EinzelnerReiter3_frame(107).png,2,0.1,0.5013888888888889,0.011197916666666667,0.047685185185185185
EinzelnerReiter3_frame(107).png,1,0.10208333333333333,0.5185185185185185,0.024479166666666666,0.05277777777777778
