image,label,x,y,width,height
EinzelnerReiterOutdoor_frame(98).png,2,0.6739583333333333,0.545,0.0171875,0.05
EinzelnerReiterOutdoor_frame(98).png,1,0.671875,0.5643518518518519,0.052083333333333336,0.0587962962962963
