image,label,x,y,width,height
EinzelnerReiter_frame(17).png,1,0.49192708333333335,0.5361111111111111,0.015625,0.05694444444444444
EinzelnerReiter_frame(17).png,2,0.490625,0.5106481481481482,0.012760416666666666,0.04583333333333333
