image,label,x,y,width,height
EinzelnerReiter_frame(45).png,1,0.5765625,0.5324074074074074,0.027604166666666666,0.044444444444444446
EinzelnerReiter_frame(45).png,2,0.5760416666666667,0.5115740740740741,0.008854166666666666,0.0375
