image,label,x,y,width,height
EinzelnerReiterOutdoor3_frame(16).png,1,0.6151041666666667,0.5601851851851852,0.021354166666666667,0.047685185185185185
EinzelnerReiterOutdoor3_frame(16).png,2,0.615,0.5365740740740741,0.015,0.04537037037037037
