image,label,x,y,width,height
EinzelnerReiter3_frame(22).png,1,0.28515625,0.5796296296296296,0.07916666666666666,0.21296296296296297
EinzelnerReiter3_frame(22).png,2,0.27760416666666665,0.4759259259259259,0.0484375,0.1935185185185185
