image,label,x,y,width,height
EinzelnerReiter2_frame(81).png,2,0.45703125,0.5055555555555555,0.016145833333333335,0.06898148148148148
EinzelnerReiter2_frame(81).png,1,0.4635416666666667,0.53,0.053385416666666664,0.09
