image,label,x,y,width,height
EinzelnerReiterOutdoor3_frame(10).png,1,0.7317708333333334,0.5467592592592593,0.027604166666666666,0.03657407407407407
EinzelnerReiterOutdoor3_frame(10).png,2,0.7294270833333333,0.5300925925925926,0.013802083333333333,0.03888888888888889
