image,label,x,y,width,height
EinzelnerReiter2_frame(122).png,1,0.2526041666666667,0.5212962962962963,0.017447916666666667,0.033796296296296297
EinzelnerReiter2_frame(122).png,2,0.25338541666666664,0.5060185185185185,0.011458333333333333,0.03287037037037037
