image,label,x,y,width,height
EinzelnerReiter2_frame(151).png,1,0.3611979166666667,0.5305555555555556,0.04869791666666667,0.06944444444444445
EinzelnerReiter2_frame(151).png,2,0.36692708333333335,0.5018518518518519,0.011979166666666667,0.05694444444444444
