image,label,x,y,width,height
EinzelnerReiterOutdoor_frame(61).png,2,0.5622395833333333,0.5351851851851852,0.014322916666666666,0.04537037037037037
EinzelnerReiterOutdoor_frame(61).png,1,0.5627604166666667,0.5597222222222222,0.03125,0.050462962962962966
