image,label,x,y,width,height
EinzelnerReiter_frame(10).png,2,0.49140625,0.5106481481481482,0.013020833333333334,0.04814814814814815
EinzelnerReiter_frame(10).png,1,0.49244791666666665,0.5361111111111111,0.0140625,0.056018518518518516
