image,label,x,y,width,height
EinzelnerReiter2_frame(177).png,1,0.23645833333333333,0.5314814814814814,0.016927083333333332,0.06712962962962964
EinzelnerReiter2_frame(177).png,2,0.23802083333333332,0.500462962962963,0.015885416666666666,0.050462962962962966
