image,label,x,y,width,height
EinzelnerReiter2_frame(18).png,2,0.553125,0.5069444444444444,0.01484375,0.0625
EinzelnerReiter2_frame(18).png,1,0.5609375,0.5375,0.06588541666666667,0.07037037037037037
