image,label,x,y,width,height
EinzelnerReiterOutdoor_frame(56).png,1,0.74921875,0.5430555555555555,0.016927083333333332,0.0375
EinzelnerReiterOutdoor_frame(56).png,2,0.7513020833333334,0.527,0.01171875,0.03
