image,label,x,y,width,height
EinzelnerReiter_frame(27).png,1,0.5080729166666667,0.5537037037037037,0.024739583333333332,0.10138888888888889
EinzelnerReiter_frame(27).png,2,0.50546875,0.5050925925925925,0.025260416666666667,0.09675925925925925
