image,label,x,y,width,height
EinzelnerReiter_frame(2).png,1,0.50078125,0.5263888888888889,0.013541666666666667,0.028703703703703703
EinzelnerReiter_frame(2).png,2,0.49973958333333335,0.5106481481481482,0.00859375,0.02824074074074074
