image,label,x,y,width,height
EinzelnerReiter_frame(54).png,1,0.6546875,0.5319444444444444,0.020572916666666666,0.040740740740740744
EinzelnerReiter_frame(54).png,2,0.6515625,0.5106481481481482,0.009895833333333333,0.03657407407407407
