image,label,x,y,width,height
EinzelnerReiterOutdoor3_frame(81).png,1,0.39427083333333335,0.5712962962962963,0.0359375,0.049074074074074076
EinzelnerReiterOutdoor3_frame(81).png,2,0.39765625,0.5462962962962963,0.014583333333333334,0.04675925925925926
