image,label,x,y,width,height
EinzelnerReiter2_frame(104).png,2,0.07317708333333334,0.49953703703703706,0.015364583333333333,0.058333333333333334
EinzelnerReiter2_frame(104).png,1,0.06979166666666667,0.5254629629629629,0.03619791666666667,0.06481481481481481
