image,label,x,y,width,height
EinzelnerReiter3_frame(138).png,1,0.1015625,0.5222222222222223,0.023177083333333334,0.07453703703703704
EinzelnerReiter3_frame(138).png,2,0.10078125,0.49398148148148147,0.017447916666666667,0.06759259259259259
