image,label,x,y,width,height
EinzelnerReiter_frame(26).png,1,0.5026041666666666,0.5486111111111112,0.02265625,0.08333333333333333
EinzelnerReiter_frame(26).png,2,0.5005208333333333,0.5101851851851852,0.021875,0.07175925925925926
