image,label,x,y,width,height
EinzelnerReiterOutdoor_frame(73).png,2,0.61953125,0.5694444444444444,0.03697916666666667,0.13472222222222222
EinzelnerReiterOutdoor_frame(73).png,1,0.6114583333333333,0.6337962962962963,0.09348958333333333,0.14907407407407408
