image,label,x,y,width,height
EinzelnerReiterOutdoor_frame(8).png,2,0.2721354166666667,0.5712962962962963,0.028645833333333332,0.12314814814814815
EinzelnerReiterOutdoor_frame(8).png,1,0.26848958333333334,0.6342592592592593,0.07395833333333333,0.13194444444444445
