image,label,x,y,width,height
EinzelnerReiter_frame(86).png,1,0.37994791666666666,0.5472222222222223,0.057291666666666664,0.08
EinzelnerReiter_frame(86).png,2,0.37838541666666664,0.5125,0.015,0.07037037037037037
