image,label,x,y,width,height
EinzelnerReiter3_frame(152).png,2,0.17317708333333334,0.4875,0.029166666666666667,0.12314814814814815
EinzelnerReiter3_frame(152).png,1,0.17135416666666667,0.5449074074074074,0.037760416666666664,0.11805555555555555
