image,label,x,y,width,height
EinzelnerReiter3_frame(40).png,1,0.31979166666666664,0.5212962962962963,0.016145833333333335,0.03981481481481482
EinzelnerReiter3_frame(40).png,2,0.31796875,0.5046296296296297,0.011458333333333333,0.034722222222222224
