image,label,x,y,width,height
EinzelnerReiter2_frame(118).png,1,0.18515625,0.5212962962962963,0.024479166666666666,0.046296296296296294
EinzelnerReiter2_frame(118).png,2,0.18828125,0.49907407407407406,0.011979166666666667,0.04027777777777778
