image,label,x,y,width,height
EinzelnerReiter3_frame(155).png,2,0.19114583333333332,0.48333333333333334,0.03958333333333333,0.1587962962962963
EinzelnerReiter3_frame(155).png,1,0.19140625,0.5625,0.0671875,0.18518518518518517
