image,label,x,y,width,height
EinzelnerReiter2_frame(121).png,1,0.23958333333333334,0.5222222222222223,0.022916666666666665,0.03657407407407407
EinzelnerReiter2_frame(121).png,2,0.24140625,0.5055555555555555,0.011979166666666667,0.03148148148148148
