image,label,x,y,width,height
EinzelnerReiter_frame(19).png,1,0.49166666666666664,0.5356481481481481,0.0140625,0.058333333333333334
EinzelnerReiter_frame(19).png,2,0.4903645833333333,0.5101851851851852,0.013020833333333334,0.04722222222222222
