image,label,x,y,width,height
EinzelnerReiterOutdoor_frame(94).png,1,0.50390625,0.5583333333333333,0.021354166666666667,0.05092592592592592
EinzelnerReiterOutdoor_frame(94).png,2,0.5033854166666667,0.5361111111111111,0.0125,0.04583333333333333
