image,label,x,y,width,height
EinzelnerReiterOutdoor_frame(40).png,2,0.61640625,0.5310185185185186,0.012760416666666666,0.03796296296296296
EinzelnerReiterOutdoor_frame(40).png,1,0.6177083333333333,0.55,0.021875,0.03287037037037037
