image,label,x,y,width,height
EinzelnerReiter3_frame(18).png,2,0.435,0.4787037037037037,0.07,0.21805555555555556
EinzelnerReiter3_frame(18).png,1,0.435,0.5851851851851851,0.18,0.26
