image,label,x,y,width,height
EinzelnerReiter3_frame(16).png,1,0.6890625,0.5736111111111111,0.09479166666666666,0.18425925925925926
EinzelnerReiter3_frame(16).png,2,0.6921875,0.4861111111111111,0.030729166666666665,0.1726851851851852
