image,label,x,y,width,height
EinzelnerReiter2_frame(171).png,2,0.18671875,0.4898148148148148,0.042708333333333334,0.16018518518518518
EinzelnerReiter2_frame(171).png,1,0.18697916666666667,0.5680555555555555,0.0484375,0.15925925925925927
