image,label,x,y,width,height
EinzelnerReiterOutdoor_frame(4).png,1,0.33125,0.5736111111111111,0.04088541666666667,0.0625
EinzelnerReiterOutdoor_frame(4).png,2,0.33307291666666666,0.5486111111111112,0.0140625,0.05462962962962963
