image,label,x,y,width,height
EinzelnerReiterOutdoor_frame(12).png,2,0.7041666666666667,0.5564814814814815,0.029947916666666668,0.10601851851851851
EinzelnerReiterOutdoor_frame(12).png,1,0.7122395833333334,0.6166666666666667,0.04765625,0.13055555555555556
