image,label,x,y,width,height
EinzelnerReiter2_frame(155).png,1,0.53671875,0.5388888888888889,0.0640625,0.06898148148148148
EinzelnerReiter2_frame(155).png,2,0.5408854166666667,0.5092592592592593,0.0109375,0.0625
