image,label,x,y,width,height
EinzelnerReiter3_frame(145).png,2,0.2609375,0.5009259259259259,0.0171875,0.049074074074074076
EinzelnerReiter3_frame(145).png,1,0.26223958333333336,0.5236111111111111,0.025,0.062037037037037036
