image,label,x,y,width,height
EinzelnerReiter3_frame(117).png,1,0.10442708333333334,0.5189814814814815,0.028,0.03981481481481482
EinzelnerReiter3_frame(117).png,2,0.10442708333333334,0.505,0.013,0.03981481481481482
