image,label,x,y,width,height
EinzelnerReiterOutdoor3_frame(33).png,1,0.4861979166666667,0.5583333333333333,0.0265625,0.03888888888888889
EinzelnerReiterOutdoor3_frame(33).png,2,0.48932291666666666,0.5393518518518519,0.0140625,0.03935185185185185
