image,label,x,y,width,height
EinzelnerReiter3_frame(70).png,2,0.2669270833333333,0.4986111111111111,0.0140625,0.05092592592592592
EinzelnerReiter3_frame(70).png,1,0.2682291666666667,0.5226851851851851,0.020052083333333335,0.06157407407407407
