image,label,x,y,width,height
EinzelnerReiterOutdoor_frame(66).png,2,0.23697916666666666,0.5509259259259259,0.017708333333333333,0.07546296296296297
EinzelnerReiterOutdoor_frame(66).png,1,0.23411458333333332,0.5861111111111111,0.06145833333333333,0.0763888888888889
