image,label,x,y,width,height
EinzelnerReiterOutdoor_frame(24).png,1,0.56875,0.5509259259259259,0.015104166666666667,0.032407407407407406
EinzelnerReiterOutdoor_frame(24).png,2,0.5687,0.536,0.01,0.031018518518518518
