image,label,x,y,width,height
EinzelnerReiterOutdoor_frame(15).png,2,0.5895833333333333,0.5435185185185185,0.020572916666666666,0.07453703703703704
EinzelnerReiterOutdoor_frame(15).png,1,0.59140625,0.5800925925925926,0.03463541666666667,0.0837962962962963
