image,label,x,y,width,height
EinzelnerReiter2_frame(59).png,1,0.234375,0.5370370370370371,0.029166666666666667,0.08842592592592592
EinzelnerReiter2_frame(59).png,2,0.23385416666666667,0.49953703703703706,0.021614583333333333,0.08935185185185185
