image,label,x,y,width,height
EinzelnerReiter3_frame(105).png,1,0.15885416666666666,0.5208333333333334,0.029947916666666668,0.05185185185185185
EinzelnerReiter3_frame(105).png,2,0.15703125,0.5013888888888889,0.011979166666666667,0.05092592592592592
