image,label,x,y,width,height
EinzelnerReiter_frame(95).png,1,0.71,0.6763888888888889,0.3,0.37
EinzelnerReiter_frame(95).png,2,0.7244791666666667,0.5259259259259259,0.07526041666666666,0.3726851851851852
