image,label,x,y,width,height
EinzelnerReiter2_frame(94).png,2,0.325,0.5064814814814815,0.014583333333333334,0.06388888888888888
EinzelnerReiter2_frame(94).png,1,0.32734375,0.5393518518518519,0.06744791666666666,0.07222222222222222
