image,label,x,y,width,height
EinzelnerReiter2_frame(117).png,2,0.17760416666666667,0.5023148148148148,0.01015625,0.04675925925925926
EinzelnerReiter2_frame(117).png,1,0.17838541666666666,0.524074074074074,0.01484375,0.043055555555555555
