image,label,x,y,width,height
EinzelnerReiter2_frame(49).png,2,0.27395833333333336,0.5032407407407408,0.0109375,0.03564814814814815
EinzelnerReiter2_frame(49).png,1,0.2734375,0.5212962962962963,0.013541666666666667,0.04212962962962963
