image,label,x,y,width,height
EinzelnerReiter_frame(90).png,1,0.043229166666666666,0.575,0.08385416666666666,0.14583333333333334
EinzelnerReiter_frame(90).png,2,0.044270833333333336,0.5037037037037037,0.027864583333333335,0.1449074074074074
