image,label,x,y,width,height
EinzelnerReiter2_frame(146).png,1,0.20885416666666667,0.524074074074074,0.03671875,0.059722222222222225
EinzelnerReiter2_frame(146).png,2,0.20963541666666666,0.4981481481481482,0.0125,0.05648148148148148
