image,label,x,y,width,height
EinzelnerReiterOutdoor3_frame(82).png,1,0.43020833333333336,0.5675925925925925,0.02265625,0.04398148148148148
EinzelnerReiterOutdoor3_frame(82).png,2,0.4315104166666667,0.5416666666666666,0.0125,0.044444444444444446
