image,label,x,y,width,height
EinzelnerReiter3_frame(104).png,2,0.18697916666666667,0.4986111111111111,0.01484375,0.059722222222222225
EinzelnerReiter3_frame(104).png,1,0.18958333333333333,0.5226851851851851,0.03307291666666667,0.06157407407407407
