image,label,x,y,width,height
EinzelnerReiter3_frame(49).png,1,0.23255208333333333,0.5212962962962963,0.026822916666666665,0.033796296296296297
EinzelnerReiter3_frame(49).png,2,0.23255208333333333,0.505,0.01,0.033796296296296297
