image,label,x,y,width,height
EinzelnerReiter3_frame(5).png,1,0.5151041666666667,0.5324074074074074,0.05286458333333333,0.06388888888888888
EinzelnerReiter3_frame(5).png,2,0.5158854166666667,0.5041666666666667,0.0125,0.05416666666666667
