image,label,x,y,width,height
EinzelnerReiter_frame(82).png,1,0.5518229166666667,0.5319444444444444,0.01640625,0.038425925925925926
EinzelnerReiter_frame(82).png,2,0.55078125,0.512962962962963,0.008333333333333333,0.03194444444444444
