image,label,x,y,width,height
EinzelnerReiter3_frame(48).png,1,0.25390625,0.5212962962962963,0.020572916666666666,0.03194444444444444
EinzelnerReiter3_frame(48).png,2,0.25234375,0.5064814814814815,0.01015625,0.03333333333333333
