image,label,x,y,width,height
EinzelnerReiter3_frame(118).png,1,0.12708333333333333,0.5194444444444445,0.024479166666666666,0.037037037037037035
EinzelnerReiter3_frame(118).png,2,0.12708333333333333,0.505,0.013,0.037037037037037035