image,label,x,y,width,height
EinzelnerReiter2_frame(80).png,2,0.496875,0.5032407407407408,0.015625,0.06620370370370371
EinzelnerReiter2_frame(80).png,1,0.496875,0.53,0.06,0.07
