image,label,x,y,width,height
EinzelnerReiter3_frame(123).png,1,0.17890625,0.5203703703703704,0.01640625,0.03888888888888889
EinzelnerReiter3_frame(123).png,2,0.17916666666666667,0.500462962962963,0.009895833333333333,0.041666666666666664
