image,label,x,y,width,height
EinzelnerReiterOutdoor3_frame(80).png,1,0.34401041666666665,0.5777777777777777,0.04348958333333333,0.058333333333333334
EinzelnerReiterOutdoor3_frame(80).png,2,0.34765625,0.5467592592592593,0.016145833333333335,0.05740740740740741
