image,label,x,y,width,height
EinzelnerReiter3_frame(79).png,2,0.32447916666666665,0.4986111111111111,0.01640625,0.062037037037037036
EinzelnerReiter3_frame(79).png,1,0.3265625,0.5296296296296297,0.033854166666666664,0.07037037037037037
