image,label,x,y,width,height
EinzelnerReiter2_frame(19).png,1,0.4791666666666667,0.5347222222222222,0.051041666666666666,0.06574074074074074
EinzelnerReiter2_frame(19).png,2,0.4734375,0.5064814814814815,0.01484375,0.05648148148148148
