image,label,x,y,width,height
EinzelnerReiter3_frame(20).png,1,0.365,0.5819444444444445,0.16,0.23981481481481481
EinzelnerReiter3_frame(20).png,2,0.35651041666666666,0.4726851851851852,0.04973958333333333,0.21666666666666667
