image,label,x,y,width,height
EinzelnerReiter_frame(48).png,1,0.5627604166666667,0.538425925925926,0.04,0.065
EinzelnerReiter_frame(48).png,2,0.5619791666666667,0.5115740740740741,0.011,0.055
