image,label,x,y,width,height
EinzelnerReiterOutdoor_frame(17).png,2,0.5421875,0.5421296296296296,0.014583333333333334,0.05740740740740741
EinzelnerReiterOutdoor_frame(17).png,1,0.5442708333333334,0.5699074074074074,0.023177083333333334,0.0587962962962963
