image,label,x,y,width,height
EinzelnerReiter3_frame(29).png,2,0.3145833333333333,0.5050925925925925,0.0265625,0.08425925925925926
EinzelnerReiter3_frame(29).png,1,0.3109375,0.5472222222222223,0.03463541666666667,0.08564814814814815
