image,label,x,y,width,height
EinzelnerReiter2_frame(84).png,1,0.3658854166666667,0.5337962962962963,0.058854166666666666,0.07916666666666666
EinzelnerReiter2_frame(84).png,2,0.3645833333333333,0.500462962962963,0.015104166666666667,0.06481481481481481
