image,label,x,y,width,height
EinzelnerReiterOutdoor_frame(42).png,1,0.5903645833333333,0.5462962962962963,0.013802083333333333,0.03009259259259259
EinzelnerReiterOutdoor_frame(42).png,2,0.5903645833333333,0.53,0.011,0.03009259259259259
