image,label,x,y,width,height
EinzelnerReiter3_frame(17).png,2,0.6096354166666667,0.4847222222222222,0.0328125,0.20046296296296295
EinzelnerReiter3_frame(17).png,1,0.6026041666666667,0.5768518518518518,0.14869791666666668,0.21851851851851853
