image,label,x,y,width,height
EinzelnerReiter_frame(68).png,1,0.4630208333333333,0.524537037037037,0.011458333333333333,0.03194444444444444
EinzelnerReiter_frame(68).png,2,0.46067708333333335,0.5106481481481482,0.008072916666666667,0.027777777777777776
