image,label,x,y,width,height
EinzelnerReiter2_frame(31).png,1,0.023958333333333335,0.5263888888888889,0.015625,0.055092592592592596
EinzelnerReiter2_frame(31).png,2,0.0234375,0.5055555555555555,0.011979166666666667,0.05
