image,label,x,y,width,height
EinzelnerReiter2_frame(119).png,2,0.20442708333333334,0.500462962962963,0.0109375,0.03935185185185185
EinzelnerReiter2_frame(119).png,1,0.20182291666666666,0.5203703703703704,0.025260416666666667,0.04398148148148148
