image,label,x,y,width,height
EinzelnerReiter3_frame(78).png,2,0.303125,0.5018518518518519,0.015104166666666667,0.055092592592592596
EinzelnerReiter3_frame(78).png,1,0.30416666666666664,0.5310185185185186,0.029947916666666668,0.06527777777777778
