image,label,x,y,width,height
EinzelnerReiterOutdoor_frame(77).png,1,0.7697916666666667,0.5768518518518518,0.020833333333333332,0.07962962962962963
EinzelnerReiterOutdoor_frame(77).png,2,0.76953125,0.5398148148148149,0.018229166666666668,0.06944444444444445
