image,label,x,y,width,height
EinzelnerReiter_frame(84).png,2,0.48411458333333335,0.5111111111111111,0.009635416666666667,0.04675925925925926
EinzelnerReiter_frame(84).png,1,0.48671875,0.5361111111111111,0.029947916666666668,0.056018518518518516
