image,label,x,y,width,height
ReiterKreuze_longVersion_frame(60).png,1,0.022395833333333334,0.6217592592592592,0.041666666666666664,0.21157407407407408
ReiterKreuze_longVersion_frame(60).png,2,0.018489583333333334,0.5092592592592593,0.03307291666666667,0.18981481481481483
