image,label,x,y,width,height
ReiterKreuze_longVersion_frame(80).png,1,0.4828125,0.5273148148148148,0.009375,0.03148148148148148
ReiterKreuze_longVersion_frame(80).png,2,0.4817708333333333,0.5125,0.00703125,0.02638888888888889
