image,label,x,y,width,height
ReiterKreuze_longVersion_frame(67).png,1,0.27057291666666666,0.538425925925926,0.025260416666666667,0.06111111111111111
ReiterKreuze_longVersion_frame(67).png,2,0.27057291666666666,0.5087962962962963,0.01171875,0.059722222222222225
