image,label,x,y,width,height
ReiterVerdeckungSpiegel_frame(69).png,1,0.41458333333333336,0.5407407407407407,0.04973958333333333,0.05277777777777778
ReiterVerdeckungSpiegel_frame(69).png,2,0.41328125,0.5166666666666667,0.008072916666666667,0.04398148148148148
