image,label,x,y,width,height
ReiterKreuze_longVersion_frame(15).png,1,0.4557291666666667,0.6097222222222223,0.19114583333333332,0.19490740740740742
ReiterKreuze_longVersion_frame(15).png,1,0.8421875,0.5939814814814814,0.04609375,0.17037037037037037
ReiterKreuze_longVersion_frame(15).png,2,0.44635416666666666,0.5189814814814815,0.03203125,0.18472222222222223
ReiterKreuze_longVersion_frame(15).png,2,0.8432291666666667,0.5143518518518518,0.04244791666666667,0.14537037037037037
