image,label,x,y,width,height
ReiterKreuze_longVersion_frame(38).png,1,0.5348958333333333,0.5435185185185185,0.05572916666666667,0.06620370370370371
ReiterKreuze_longVersion_frame(38).png,2,0.5369791666666667,0.5111111111111111,0.010416666666666666,0.05416666666666667
