image,label,x,y,width,height
ReiterVerdeckungSpiegel_frame(13).png,1,0.011979166666666667,0.5541666666666667,0.0234375,0.15092592592592594
ReiterVerdeckungSpiegel_frame(13).png,2,0.009635416666666667,0.5037037037037037,0.01953125,0.14351851851851852
