image,label,x,y,width,height
ReiterVerdeckungSpiegel_frame(50).png,1,0.49192708333333335,0.5356481481481481,0.052083333333333336,0.056018518518518516
ReiterVerdeckungSpiegel_frame(50).png,2,0.49192708333333335,0.5125,0.00703125,0.04537037037037037
