image,label,x,y,width,height
ReiterKreuze_longVersion_frame(84).png,2,0.48776041666666664,0.5120370370370371,0.010416666666666666,0.03425925925925926
ReiterKreuze_longVersion_frame(84).png,1,0.48854166666666665,0.5314814814814814,0.009114583333333334,0.04537037037037037
