image,label,x,y,width,height
ReiterVerdeckungSpiegel_frame(53).png,1,0.49270833333333336,0.5356481481481481,0.05,0.05694444444444444
ReiterVerdeckungSpiegel_frame(53).png,2,0.49296875,0.5106481481481482,0.007291666666666667,0.04675925925925926
