image,label,x,y,width,height
ReiterVerdeckungSpiegel_frame(35).png,1,0.6625,0.5388888888888889,0.052083333333333336,0.05185185185185185
ReiterVerdeckungSpiegel_frame(35).png,2,0.6606770833333333,0.5148148148148148,0.007552083333333333,0.04490740740740741
