image,label,x,y,width,height
ReiterKreuze_longVersion_frame(14).png,1,0.5291666666666667,0.6101851851851852,0.17890625,0.19583333333333333
ReiterKreuze_longVersion_frame(14).png,1,0.8153645833333333,0.6111111111111112,0.07864583333333333,0.1824074074074074
ReiterKreuze_longVersion_frame(14).png,2,0.528125,0.5217592592592593,0.034375,0.18333333333333332
ReiterKreuze_longVersion_frame(14).png,2,0.8263020833333333,0.5185185185185185,0.04635416666666667,0.1763888888888889
