image,label,x,y,width,height
ReiterVerdeckungSpiegel_frame(2).png,1,0.5559895833333334,0.5310185185185186,0.012239583333333333,0.03935185185185185
ReiterVerdeckungSpiegel_frame(2).png,2,0.55546875,0.512962962962963,0.009114583333333334,0.031018518518518518
