image,label,x,y,width,height
ReiterKreuze_longVersion_frame(62).png,1,0.06692708333333333,0.5680555555555555,0.08411458333333334,0.15138888888888888
ReiterKreuze_longVersion_frame(62).png,2,0.07994791666666666,0.5083333333333333,0.0203125,0.11435185185185186
