image,label,x,y,width,height
ReiterVerdeckungSpiegel_frame(55).png,1,0.5049479166666667,0.538425925925926,0.053125,0.05185185185185185
ReiterVerdeckungSpiegel_frame(55).png,2,0.5059895833333333,0.512962962962963,0.008072916666666667,0.041666666666666664
