image,label,x,y,width,height
ReiterKreuze_longVersion_frame(86).png,1,0.49270833333333336,0.5351851851851852,0.011979166666666667,0.05277777777777778
ReiterKreuze_longVersion_frame(86).png,2,0.49140625,0.5101851851851852,0.010416666666666666,0.04398148148148148
