image,label,x,y,width,height
ReiterVerdeckungSpiegel_frame(64).png,1,0.53203125,0.5421296296296296,0.055989583333333336,0.05277777777777778
ReiterVerdeckungSpiegel_frame(64).png,2,0.5309895833333333,0.513425925925926,0.008333333333333333,0.05138888888888889
