image,label,x,y,width,height
ReiterVerdeckungSpiegel_frame(29).png,1,0.7682291666666666,0.5486111111111112,0.05286458333333333,0.07037037037037037
ReiterVerdeckungSpiegel_frame(29).png,2,0.7614583333333333,0.5148148148148148,0.015104166666666667,0.06712962962962964
