image,label,x,y,width,height
ReiterKreuze_longVersion_frame(51).png,1,0.9028645833333333,0.5768518518518518,0.06458333333333334,0.12037037037037036
ReiterKreuze_longVersion_frame(51).png,2,0.9002604166666667,0.5157407407407407,0.022395833333333334,0.10277777777777777
