image,label,x,y,width,height
ReiterKreuze_longVersion_frame(45).png,1,0.72734375,0.55,0.061197916666666664,0.08194444444444444
ReiterKreuze_longVersion_frame(45).png,2,0.7278645833333334,0.5166666666666667,0.01328125,0.06898148148148148
