image,label,x,y,width,height
ReiterKreuze_longVersion_frame(39).png,1,0.5630208333333333,0.5481481481481482,0.05703125,0.06296296296296296
ReiterKreuze_longVersion_frame(39).png,2,0.5640625,0.5148148148148148,0.007552083333333333,0.05185185185185185
