image,label,x,y,width,height
ReiterKreuze_longVersion_frame(61).png,1,0.028385416666666666,0.5777777777777777,0.05703125,0.17731481481481481
ReiterKreuze_longVersion_frame(61).png,2,0.028385416666666666,0.5106481481481482,0.0390625,0.15
