image,label,x,y,width,height
ReiterKreuze_longVersion_frame(28).png,1,0.6231770833333333,0.55,0.03307291666666667,0.0763888888888889
ReiterKreuze_longVersion_frame(28).png,1,0.2713541666666667,0.5467592592592593,0.06380208333333333,0.07407407407407407
ReiterKreuze_longVersion_frame(28).png,2,0.6190104166666667,0.512962962962963,0.016927083333333332,0.075
ReiterKreuze_longVersion_frame(28).png,2,0.2755208333333333,0.512962962962963,0.013020833333333334,0.06712962962962964
