image,label,x,y,width,height
ReiterVerdeckungSpiegel_frame(42).png,1,0.5067708333333333,0.5388888888888889,0.0546875,0.05277777777777778
ReiterVerdeckungSpiegel_frame(42).png,2,0.50703125,0.5148148148148148,0.007552083333333333,0.043055555555555555
