image,label,x,y,width,height
ReiterVerdeckungSpiegel_frame(12).png,1,0.034895833333333334,0.5763888888888888,0.06979166666666667,0.15833333333333333
ReiterVerdeckungSpiegel_frame(12).png,2,0.03125,0.5027777777777778,0.029166666666666667,0.14351851851851852
