image,label,x,y,width,height
ReiterVerdeckungSpiegel_frame(68).png,1,0.43776041666666665,0.5402777777777777,0.054427083333333334,0.05694444444444444
ReiterVerdeckungSpiegel_frame(68).png,2,0.4375,0.5138888888888888,0.00703125,0.04490740740740741
