image,label,x,y,width,height
ReiterVerdeckungSpiegel_frame(33).png,1,0.7002604166666667,0.5398148148148149,0.04140625,0.0587962962962963
ReiterVerdeckungSpiegel_frame(33).png,2,0.6997395833333333,0.513425925925926,0.010416666666666666,0.05185185185185185
