image,label,x,y,width,height
ReiterVerdeckungSpiegel_frame(15).png,1,0.15546875,0.6578703703703703,0.2747395833333333,0.3592592592592593
ReiterVerdeckungSpiegel_frame(15).png,2,0.14505208333333333,0.524537037037037,0.0671875,0.30648148148148147
