image,label,x,y,width,height
ReiterVerdeckungSpiegel_frame(56).png,1,0.5190104166666667,0.5398148148148149,0.05,0.052314814814814814
ReiterVerdeckungSpiegel_frame(56).png,2,0.51953125,0.5148148148148148,0.0078125,0.04351851851851852
