image,label,x,y,width,height
ReiterKreuze_longVersion_frame(29).png,1,0.6377604166666667,0.5546296296296296,0.06197916666666667,0.08564814814814815
ReiterKreuze_longVersion_frame(29).png,1,0.29713541666666665,0.5453703703703704,0.05755208333333333,0.06898148148148148
ReiterKreuze_longVersion_frame(29).png,2,0.63203125,0.5152777777777777,0.016927083333333332,0.08009259259259259
ReiterKreuze_longVersion_frame(29).png,2,0.3,0.5152777777777777,0.011458333333333333,0.06296296296296296
