image,label,x,y,width,height
ReiterKreuze_longVersion_frame(4).png,1,0.5739583333333333,0.6324074074074074,0.23020833333333332,0.3199074074074074
ReiterKreuze_longVersion_frame(4).png,2,0.5888020833333333,0.5166666666666667,0.061197916666666664,0.2712962962962963
ReiterKreuze_longVersion_frame(4).png,1,0.85703125,0.5555555555555556,0.030208333333333334,0.09583333333333334
ReiterKreuze_longVersion_frame(4).png,2,0.8559895833333333,0.513425925925926,0.020572916666666666,0.08472222222222223
