image,label,x,y,width,height
ReiterVerdeckungSpiegel_frame(24).png,1,0.8822916666666667,0.5611111111111111,0.07161458333333333,0.09675925925925925
ReiterVerdeckungSpiegel_frame(24).png,2,0.8755208333333333,0.5138888888888888,0.021354166666666667,0.0824074074074074
