image,label,x,y,width,height
ReiterVerdeckungSpiegel_frame(66).png,1,0.48541666666666666,0.5412037037037037,0.05182291666666667,0.053703703703703705
ReiterVerdeckungSpiegel_frame(66).png,2,0.48463541666666665,0.5148148148148148,0.007552083333333333,0.044444444444444446
