image,label,x,y,width,height
ReiterVerdeckungSpiegel_frame(72).png,1,0.34869791666666666,0.5375,0.040364583333333336,0.06
ReiterVerdeckungSpiegel_frame(72).png,2,0.34453125,0.5143518518518518,0.01,0.05
