image,label,x,y,width,height
ReiterKreuze_longVersion_frame(16).png,1,0.8486979166666667,0.587037037037037,0.03567708333333333,0.14444444444444443
ReiterKreuze_longVersion_frame(16).png,1,0.37447916666666664,0.6111111111111112,0.16536458333333334,0.1837962962962963
ReiterKreuze_longVersion_frame(16).png,2,0.365625,0.5259259259259259,0.033854166666666664,0.16944444444444445
ReiterKreuze_longVersion_frame(16).png,2,0.8463541666666666,0.5111111111111111,0.03463541666666667,0.12824074074074074
