image,label,x,y,width,height
ReiterVerdeckungSpiegel_frame(17).png,1,0.7169270833333333,0.6912037037037037,0.2984375,0.3638888888888889
ReiterVerdeckungSpiegel_frame(17).png,2,0.7609375,0.5527777777777778,0.075,0.30648148148148147
