image,label,x,y,width,height
ReiterKreuze_longVersion_frame(18).png,1,0.26015625,0.5912037037037037,0.10703125,0.17175925925925925
ReiterKreuze_longVersion_frame(18).png,1,0.8229166666666666,0.5708333333333333,0.04401041666666667,0.10462962962962963
ReiterKreuze_longVersion_frame(18).png,2,0.24479166666666666,0.5106481481481482,0.037760416666666664,0.15324074074074073
ReiterKreuze_longVersion_frame(18).png,2,0.8153645833333333,0.5212962962962963,0.021614583333333333,0.08981481481481482
