image,label,x,y,width,height
ReiterVerdeckungSpiegel_frame(21).png,1,0.9815104166666667,0.5773148148148148,0.03671875,0.11898148148148148
ReiterVerdeckungSpiegel_frame(21).png,2,0.9919270833333333,0.5217592592592593,0.014322916666666666,0.11712962962962963
