image,label,x,y,width,height
ReiterVerdeckungSpiegel_frame(7).png,1,0.3776041666666667,0.54,0.05572916666666667,0.1
ReiterVerdeckungSpiegel_frame(7).png,2,0.37395833333333334,0.512962962962963,0.015,0.07
