image,label,x,y,width,height
ReiterVerdeckungSpiegel_frame(25).png,1,0.85078125,0.5592592592592592,0.06145833333333333,0.09212962962962963
ReiterVerdeckungSpiegel_frame(25).png,2,0.8484375,0.5152777777777777,0.018229166666666668,0.08055555555555556
