image,label,x,y,width,height
ReiterVerdeckungSpiegel_frame(49).png,1,0.49166666666666664,0.5356481481481481,0.05182291666666667,0.056018518518518516
ReiterVerdeckungSpiegel_frame(49).png,2,0.49166666666666664,0.5120370370370371,0.00703125,0.04537037037037037
