image,label,x,y,width,height
ReiterVerdeckungSpiegel_frame(46).png,1,0.49270833333333336,0.5351851851851852,0.05364583333333333,0.05694444444444444
ReiterVerdeckungSpiegel_frame(46).png,2,0.49192708333333335,0.5115740740740741,0.007291666666666667,0.04675925925925926
