image,label,x,y,width,height
ReiterVerdeckungSpiegel_frame(47).png,1,0.49192708333333335,0.5361111111111111,0.052083333333333336,0.05555555555555555
ReiterVerdeckungSpiegel_frame(47).png,2,0.49192708333333335,0.5120370370370371,0.007291666666666667,0.046296296296296294
