image,label,x,y,width,height
ReiterKreuze_longVersion_frame(74).png,1,0.36015625,0.524074074074074,0.011979166666666667,0.029166666666666667
ReiterKreuze_longVersion_frame(74).png,2,0.35963541666666665,0.5069444444444444,0.0067708333333333336,0.026851851851851852
