image,label,x,y,width,height
ReiterVerdeckungSpiegel_frame(32).png,1,0.7166666666666667,0.5412037037037037,0.0359375,0.06388888888888888
ReiterVerdeckungSpiegel_frame(32).png,2,0.7140625,0.5125,0.01171875,0.05324074074074074
