image,label,x,y,width,height
ReiterKreuze_longVersion_frame(69).png,1,0.30442708333333335,0.5333333333333333,0.016927083333333332,0.046296296296296294
ReiterKreuze_longVersion_frame(69).png,2,0.3046875,0.5087962962962963,0.009635416666666667,0.044444444444444446
