image,label,x,y,width,height
ReiterVerdeckungSpiegel_frame(65).png,1,0.5098958333333333,0.5393518518518519,0.0546875,0.05324074074074074
ReiterVerdeckungSpiegel_frame(65).png,2,0.5096354166666667,0.5162037037037037,0.007291666666666667,0.04398148148148148
