image,label,x,y,width,height
ReiterKreuze_longVersion_frame(43).png,1,0.6700520833333333,0.5513888888888889,0.06901041666666667,0.07361111111111111
ReiterKreuze_longVersion_frame(43).png,2,0.6723958333333333,0.5162037037037037,0.011458333333333333,0.06111111111111111
