image,label,x,y,width,height
ReiterKreuze_longVersion_frame(21).png,1,0.18020833333333333,0.5777777777777777,0.03177083333333333,0.12916666666666668
ReiterKreuze_longVersion_frame(21).png,1,0.7643229166666666,0.5555555555555556,0.04479166666666667,0.07777777777777778
ReiterKreuze_longVersion_frame(21).png,2,0.7596354166666667,0.5180555555555556,0.016927083333333332,0.07546296296296297
ReiterKreuze_longVersion_frame(21).png,2,0.17526041666666667,0.5138888888888888,0.030989583333333334,0.11203703703703703
