image,label,x,y,width,height
ReiterVerdeckungSpiegel_frame(62).png,1,0.5653645833333333,0.53,0.04739583333333333,0.06
ReiterVerdeckungSpiegel_frame(62).png,2,0.5635416666666667,0.5120370370370371,0.01,0.05
