image,label,x,y,width,height
ReiterKreuze_longVersion_frame(3).png,1,0.5723958333333333,0.6328703703703704,0.221875,0.3194444444444444
ReiterKreuze_longVersion_frame(3).png,2,0.5901041666666667,0.5152777777777777,0.062239583333333334,0.27175925925925926
ReiterKreuze_longVersion_frame(3).png,1,0.83828125,0.5518518518518518,0.04348958333333333,0.09490740740740741
ReiterKreuze_longVersion_frame(3).png,2,0.8419270833333333,0.5120370370370371,0.01640625,0.07453703703703704
