image,label,x,y,width,height
ReiterVerdeckungSpiegel_frame(34).png,1,0.6828125,0.5402777777777777,0.0484375,0.05277777777777778
ReiterVerdeckungSpiegel_frame(34).png,2,0.6815104166666667,0.5148148148148148,0.008333333333333333,0.04861111111111111
