image,label,x,y,width,height
ReiterKreuze_longVersion_frame(6).png,1,0.5776041666666667,0.6351851851851852,0.234375,0.31342592592592594
ReiterKreuze_longVersion_frame(6).png,1,0.86875,0.5685185185185185,0.028645833333333332,0.11898148148148148
ReiterKreuze_longVersion_frame(6).png,2,0.5924479166666666,0.5166666666666667,0.05963541666666667,0.2833333333333333
ReiterKreuze_longVersion_frame(6).png,2,0.86796875,0.5111111111111111,0.024479166666666666,0.09490740740740741
