image,label,x,y,width,height
ReiterVerdeckungSpiegel_frame(52).png,1,0.4921875,0.5356481481481481,0.05130208333333333,0.056018518518518516
ReiterVerdeckungSpiegel_frame(52).png,2,0.49244791666666665,0.5111111111111111,0.007291666666666667,0.046296296296296294
