image,label,x,y,width,height
ReiterKreuze_longVersion_frame(24).png,1,0.19661458333333334,0.5513888888888889,0.04296875,0.10138888888888889
ReiterKreuze_longVersion_frame(24).png,1,0.68671875,0.5509259259259259,0.06979166666666667,0.06805555555555555
ReiterKreuze_longVersion_frame(24).png,2,0.196875,0.5115740740740741,0.019270833333333334,0.0837962962962963
ReiterKreuze_longVersion_frame(24).png,2,0.6856770833333333,0.5180555555555556,0.009114583333333334,0.06018518518518518
