image,label,x,y,width,height
ReiterVerdeckungSpiegel_frame(45).png,1,0.49140625,0.5351851851851852,0.05078125,0.05555555555555555
ReiterVerdeckungSpiegel_frame(45).png,2,0.49192708333333335,0.5120370370370371,0.007291666666666667,0.04583333333333333
