image,label,x,y,width,height
ReiterVerdeckungSpiegel_frame(51).png,1,0.4921875,0.5356481481481481,0.05182291666666667,0.05648148148148148
ReiterVerdeckungSpiegel_frame(51).png,2,0.4921875,0.5111111111111111,0.007552083333333333,0.04675925925925926
