image,label,x,y,width,height
ReiterKreuze_longVersion_frame(65).png,1,0.21744791666666666,0.5462962962962963,0.04765625,0.07777777777777778
ReiterKreuze_longVersion_frame(65).png,2,0.22057291666666667,0.512962962962963,0.01640625,0.07314814814814814
