image,label,x,y,width,height
ReiterVerdeckungSpiegel_frame(4).png,1,0.5109375,0.5342592592592592,0.025520833333333333,0.05416666666666667
ReiterVerdeckungSpiegel_frame(4).png,2,0.50859375,0.5101851851851852,0.01171875,0.043055555555555555
