image,label,x,y,width,height
ReiterVerdeckungSpiegel_frame(43).png,1,0.4934895833333333,0.537962962962963,0.04895833333333333,0.05648148148148148
ReiterVerdeckungSpiegel_frame(43).png,2,0.49505208333333334,0.5120370370370371,0.007552083333333333,0.04814814814814815
