image,label,x,y,width,height
ReiterVerdeckungSpiegel_frame(30).png,1,0.7481770833333333,0.5467592592592593,0.04114583333333333,0.06574074074074074
ReiterVerdeckungSpiegel_frame(30).png,2,0.74296875,0.5157407407407407,0.0109375,0.053703703703703705
