image,label,x,y,width,height
ReiterKreuze_longVersion_frame(53).png,1,0.9515625,0.5939814814814814,0.052083333333333336,0.14166666666666666
ReiterKreuze_longVersion_frame(53).png,2,0.9520833333333333,0.525,0.032552083333333336,0.11805555555555555
