image,label,x,y,width,height
ReiterVerdeckungSpiegel_frame(27).png,1,0.8046875,0.5509259259259259,0.05130208333333333,0.08148148148148149
ReiterVerdeckungSpiegel_frame(27).png,2,0.8015625,0.5162037037037037,0.01484375,0.06944444444444445
