image,label,x,y,width,height
ReiterKreuze_longVersion_frame(72).png,1,0.34036458333333336,0.5291666666666667,0.01328125,0.03564814814814815
ReiterKreuze_longVersion_frame(72).png,2,0.33984375,0.5097222222222222,0.007552083333333333,0.03287037037037037
