image,label,x,y,width,height
ReiterKreuze_longVersion_frame(88).png,1,0.4934895833333333,0.5361111111111111,0.012760416666666666,0.05462962962962963
ReiterKreuze_longVersion_frame(88).png,2,0.49244791666666665,0.5115740740740741,0.011458333333333333,0.046296296296296294
