image,label,x,y,width,height
ReiterKreuze_longVersion_frame(89).png,1,0.49322916666666666,0.5361111111111111,0.0125,0.053703703703703705
ReiterKreuze_longVersion_frame(89).png,2,0.49166666666666664,0.5111111111111111,0.011458333333333333,0.044444444444444446
