image,label,x,y,width,height
ReiterVerdeckungSpiegel_frame(41).png,1,0.5268229166666667,0.5402777777777777,0.0515625,0.053703703703703705
ReiterVerdeckungSpiegel_frame(41).png,2,0.5268229166666667,0.5152777777777777,0.0078125,0.04351851851851852
