image,label,x,y,width,height
ReiterKreuze_longVersion_frame(66).png,1,0.24765625,0.5430555555555555,0.0375,0.07314814814814814
ReiterKreuze_longVersion_frame(66).png,2,0.25,0.5125,0.014322916666666666,0.0699074074074074
