image,label,x,y,width,height
ReiterVerdeckungSpiegel_frame(14).png,1,0.04739583333333333,0.6041666666666666,0.09479166666666666,0.30925925925925923
ReiterVerdeckungSpiegel_frame(14).png,2,0.021614583333333333,0.4925925925925926,0.0375,0.2199074074074074
