image,label,x,y,width,height
ReiterKreuze_longVersion_frame(27).png,1,0.6221354166666667,0.5518518518518518,0.030729166666666665,0.07037037037037037
ReiterKreuze_longVersion_frame(27).png,1,0.25026041666666665,0.5467592592592593,0.05416666666666667,0.07731481481481481
ReiterKreuze_longVersion_frame(27).png,2,0.6197916666666666,0.5125,0.015885416666666666,0.07268518518518519
ReiterKreuze_longVersion_frame(27).png,2,0.2520833333333333,0.512962962962963,0.013802083333333333,0.07314814814814814
