image,label,x,y,width,height
ReiterKreuze_longVersion_frame(1).png,1,0.578125,0.6291666666666667,0.23098958333333333,0.3263888888888889
ReiterKreuze_longVersion_frame(1).png,1,0.8049479166666667,0.5518518518518518,0.04609375,0.07777777777777778
ReiterKreuze_longVersion_frame(1).png,2,0.5911458333333334,0.5162037037037037,0.05911458333333333,0.2763888888888889
ReiterKreuze_longVersion_frame(1).png,2,0.8046875,0.5162037037037037,0.0125,0.06944444444444445
