image,label,x,y,width,height
ReiterKreuze_longVersion_frame(17).png,1,0.3171875,0.6041666666666666,0.13776041666666666,0.2
ReiterKreuze_longVersion_frame(17).png,1,0.8440104166666667,0.5847222222222223,0.0421875,0.11990740740740741
ReiterKreuze_longVersion_frame(17).png,2,0.2981770833333333,0.5162037037037037,0.04088541666666667,0.17453703703703705
ReiterKreuze_longVersion_frame(17).png,2,0.8356770833333333,0.5208333333333334,0.029947916666666668,0.11064814814814815
