image,label,x,y,width,height
ReiterVerdeckungSpiegel_frame(6).png,1,0.43255208333333334,0.5425925925925926,0.0484375,0.06805555555555555
ReiterVerdeckungSpiegel_frame(6).png,2,0.4317708333333333,0.5120370370370371,0.009375,0.05416666666666667
