image,label,x,y,width,height
ReiterKreuze_longVersion_frame(2).png,1,0.5747395833333333,0.6324074074074074,0.22447916666666667,0.3199074074074074
ReiterKreuze_longVersion_frame(2).png,1,0.8221354166666667,0.5532407407407407,0.043229166666666666,0.07824074074074074
ReiterKreuze_longVersion_frame(2).png,2,0.5911458333333334,0.5157407407407407,0.06041666666666667,0.27175925925925926
ReiterKreuze_longVersion_frame(2).png,2,0.8244791666666667,0.5162037037037037,0.013020833333333334,0.06805555555555555
