image,label,x,y,width,height
ReiterVerdeckungSpiegel_frame(70).png,1,0.3932291666666667,0.5416666666666666,0.05546875,0.052314814814814814
ReiterVerdeckungSpiegel_frame(70).png,2,0.39036458333333335,0.512962962962963,0.008854166666666666,0.046296296296296294
