image,label,x,y,width,height
ReiterVerdeckungSpiegel_frame(63).png,1,0.5565104166666667,0.5398148148148149,0.05520833333333333,0.053703703703703705
ReiterVerdeckungSpiegel_frame(63).png,2,0.5546875,0.5125,0.008333333333333333,0.047685185185185185
