image,label,x,y,width,height
ReiterKreuze_longVersion_frame(9).png,1,0.5692708333333333,0.6347222222222222,0.21354166666666666,0.30416666666666664
ReiterKreuze_longVersion_frame(9).png,1,0.8255208333333334,0.5884259259259259,0.08229166666666667,0.14814814814814814
ReiterKreuze_longVersion_frame(9).png,2,0.5924479166666666,0.5180555555555556,0.062239583333333334,0.274537037037037
ReiterKreuze_longVersion_frame(9).png,2,0.8330729166666667,0.5180555555555556,0.019270833333333334,0.12175925925925926
