image,label,x,y,width,height
ReiterKreuze_longVersion_frame(48).png,1,0.8145833333333333,0.5601851851851852,0.06458333333333334,0.09166666666666666
ReiterKreuze_longVersion_frame(48).png,2,0.8114583333333333,0.5162037037037037,0.01640625,0.08194444444444444
