image,label,x,y,width,height
ReiterKreuze_longVersion_frame(87).png,1,0.4947916666666667,0.5351851851851852,0.012760416666666666,0.053703703703703705
ReiterKreuze_longVersion_frame(87).png,2,0.4940104166666667,0.512962962962963,0.01171875,0.04351851851851852
