image,label,x,y,width,height
ReiterKreuze_longVersion_frame(54).png,1,0.96015625,0.612037037037037,0.04635416666666667,0.1763888888888889
ReiterKreuze_longVersion_frame(54).png,2,0.9630208333333333,0.5277777777777778,0.04192708333333333,0.14444444444444443
