image,label,x,y,width,height
ReiterKreuze_longVersion_frame(34).png,1,0.8286458333333333,0.5731481481481482,0.10364583333333334,0.12361111111111112
ReiterKreuze_longVersion_frame(34).png,1,0.4276041666666667,0.5430555555555555,0.06276041666666667,0.062037037037037036
ReiterKreuze_longVersion_frame(34).png,2,0.82890625,0.5180555555555556,0.02265625,0.12
ReiterKreuze_longVersion_frame(34).png,2,0.4322916666666667,0.5157407407407407,0.008333333333333333,0.05462962962962963
