image,label,x,y,width,height
ReiterKreuze_longVersion_frame(26).png,1,0.22890625,0.5458333333333333,0.0546875,0.0824074074074074
ReiterKreuze_longVersion_frame(26).png,1,0.63828125,0.549537037037037,0.044270833333333336,0.06944444444444445
ReiterKreuze_longVersion_frame(26).png,2,0.63671875,0.5138888888888888,0.013020833333333334,0.06527777777777778
ReiterKreuze_longVersion_frame(26).png,2,0.23203125,0.5087962962962963,0.0140625,0.08472222222222223
