image,label,x,y,width,height
ReiterKreuze_longVersion_frame(37).png,1,0.5080729166666667,0.5453703703703704,0.055989583333333336,0.060648148148148145
ReiterKreuze_longVersion_frame(37).png,1,0.9661458333333334,0.6023148148148149,0.06197916666666667,0.1337962962962963
ReiterKreuze_longVersion_frame(37).png,2,0.5119791666666667,0.5175925925925926,0.008333333333333333,0.05787037037037037
