image,label,x,y,width,height
ReiterVerdeckungSpiegel_frame(26).png,1,0.8380208333333333,0.55,0.07578125,0.085
ReiterVerdeckungSpiegel_frame(26).png,2,0.8229166666666666,0.5212962962962963,0.015,0.075
