image,label,x,y,width,height
ReiterVerdeckungSpiegel_frame(1).png,1,0.57421875,0.5310185185185186,0.0125,0.032407407407407406
ReiterVerdeckungSpiegel_frame(1).png,2,0.5731770833333333,0.5143518518518518,0.0078125,0.02962962962962963
