image,label,x,y,width,height
ReiterVerdeckungSpiegel_frame(44).png,1,0.49270833333333336,0.5351851851851852,0.054947916666666666,0.05694444444444444
ReiterVerdeckungSpiegel_frame(44).png,2,0.49244791666666665,0.5120370370370371,0.0067708333333333336,0.04722222222222222
