image,label,x,y,width,height
ReiterKreuze_longVersion_frame(64).png,1,0.18020833333333333,0.5504629629629629,0.055989583333333336,0.09398148148148149
ReiterKreuze_longVersion_frame(64).png,2,0.184375,0.5120370370370371,0.018489583333333334,0.08333333333333333
