image,label,x,y,width,height
ReiterKreuze_longVersion_frame(55).png,2,0.9283854166666666,0.5180555555555556,0.03671875,0.21388888888888888
ReiterKreuze_longVersion_frame(55).png,1,0.92734375,0.6268518518518519,0.10729166666666666,0.2462962962962963
