image,label,x,y,width,height
ReiterKreuze_longVersion_frame(58).png,1,0.29140625,0.67,0.3333333333333333,0.4
ReiterKreuze_longVersion_frame(58).png,2,0.26484375,0.5263888888888889,0.08098958333333334,0.36898148148148147
