image,label,x,y,width,height
ReiterKreuze_longVersion_frame(11).png,1,0.6447916666666667,0.6375,0.29192708333333334,0.28425925925925927
ReiterKreuze_longVersion_frame(11).png,2,0.65625,0.5259259259259259,0.0578125,0.2828703703703704
ReiterKreuze_longVersion_frame(11).png,2,0.7458333333333333,0.5254629629629629,0.030208333333333334,0.17777777777777778
ReiterKreuze_longVersion_frame(11).png,1,0.7359375,0.6023148148148149,0.13854166666666667,0.17916666666666667
