image,label,x,y,width,height
ReiterVerdeckungSpiegel_frame(61).png,1,0.5591145833333333,0.533,0.05026041666666667,0.06
ReiterVerdeckungSpiegel_frame(61).png,2,0.56015625,0.5157407407407407,0.01,0.05
