image,label,x,y,width,height
ReiterKreuze_longVersion_frame(10).png,1,0.5760416666666667,0.6398148148148148,0.23020833333333332,0.3060185185185185
ReiterKreuze_longVersion_frame(10).png,1,0.7908854166666667,0.5949074074074074,0.11510416666666666,0.16064814814814815
ReiterKreuze_longVersion_frame(10).png,2,0.7958333333333333,0.5185185185185185,0.026822916666666665,0.14953703703703702
ReiterKreuze_longVersion_frame(10).png,2,0.6013020833333333,0.5212962962962963,0.065625,0.27824074074074073
