image,label,x,y,width,height
ReiterKreuze_longVersion_frame(19).png,1,0.2171875,0.5921296296296297,0.07083333333333333,0.1537037037037037
ReiterKreuze_longVersion_frame(19).png,1,0.8020833333333334,0.5601851851851852,0.046614583333333334,0.09768518518518518
ReiterKreuze_longVersion_frame(19).png,2,0.20598958333333334,0.5111111111111111,0.03697916666666667,0.14351851851851852
ReiterKreuze_longVersion_frame(19).png,2,0.7966145833333333,0.5148148148148148,0.023958333333333335,0.0875
