image,label,x,y,width,height
ReiterVerdeckungSpiegel_frame(11).png,1,0.096875,0.5657407407407408,0.09192708333333334,0.11944444444444445
ReiterVerdeckungSpiegel_frame(11).png,2,0.09583333333333334,0.5050925925925925,0.023958333333333335,0.11296296296296296
