image,label,x,y,width,height
ReiterVerdeckungSpiegel_frame(10).png,1,0.16848958333333333,0.54,0.08802083333333334,0.1
ReiterVerdeckungSpiegel_frame(10).png,2,0.16770833333333332,0.5074074074074074,0.015364583333333333,0.09398148148148149
