image,label,x,y,width,height
ReiterVerdeckungSpiegel_frame(74).png,1,0.32057291666666665,0.5319444444444444,0.017447916666666667,0.04675925925925926
ReiterVerdeckungSpiegel_frame(74).png,2,0.31796875,0.5069444444444444,0.0109375,0.044444444444444446
