image,label,x,y,width,height
ReiterVerdeckungSpiegel_frame(67).png,1,0.46380208333333334,0.5412037037037037,0.053125,0.05462962962962963
ReiterVerdeckungSpiegel_frame(67).png,2,0.46197916666666666,0.5166666666666667,0.0078125,0.04537037037037037
