image,label,x,y,width,height
ReiterKreuze_longVersion_frame(30).png,1,0.6651041666666667,0.5564814814814815,0.07786458333333333,0.09212962962962963
ReiterKreuze_longVersion_frame(30).png,1,0.321875,0.5467592592592593,0.05807291666666667,0.06805555555555555
ReiterKreuze_longVersion_frame(30).png,2,0.66015625,0.5143518518518518,0.01640625,0.0837962962962963
ReiterKreuze_longVersion_frame(30).png,2,0.3263020833333333,0.5115740740740741,0.009635416666666667,0.06111111111111111
