image,label,x,y,width,height
ReiterVerdeckungSpiegel_frame(37).png,1,0.6161458333333333,0.5398148148148149,0.052083333333333336,0.04953703703703704
ReiterVerdeckungSpiegel_frame(37).png,2,0.615625,0.5166666666666667,0.007291666666666667,0.041666666666666664
