image,label,x,y,width,height
ReiterKreuze_longVersion_frame(41).png,1,0.6166666666666667,0.5481481481481482,0.06171875,0.06620370370370371
ReiterKreuze_longVersion_frame(41).png,2,0.6177083333333333,0.5152777777777777,0.008854166666666666,0.06296296296296296
