image,label,x,y,width,height
ReiterVerdeckungSpiegel_frame(38).png,1,0.5940104166666667,0.5398148148148149,0.04921875,0.05185185185185185
ReiterVerdeckungSpiegel_frame(38).png,2,0.59375,0.5175925925925926,0.00703125,0.040740740740740744
