image,label,x,y,width,height
ReiterKreuze_longVersion_frame(83).png,2,0.48671875,0.5125,0.007552083333333333,0.03194444444444444
ReiterKreuze_longVersion_frame(83).png,1,0.48723958333333334,0.5310185185185186,0.006510416666666667,0.03796296296296296
