image,label,x,y,width,height
ReiterVerdeckungSpiegel_frame(19).png,1,0.96953125,0.6435185185185185,0.05520833333333333,0.1685185185185185
