image,label,x,y,width,height
ReiterVerdeckungSpiegel_frame(36).png,1,0.6403645833333333,0.5393518518518519,0.0515625,0.050462962962962966
ReiterVerdeckungSpiegel_frame(36).png,2,0.6395833333333333,0.5152777777777777,0.007552083333333333,0.043055555555555555
