image,label,x,y,width,height
ReiterKreuze_longVersion_frame(50).png,1,0.8703125,0.5685185185185185,0.06927083333333334,0.1111111111111111
ReiterKreuze_longVersion_frame(50).png,2,0.86875,0.512962962962963,0.01953125,0.0962962962962963
