image,label,x,y,width,height
ReiterKreuze_longVersion_frame(46).png,1,0.75625,0.5527777777777778,0.07161458333333333,0.08842592592592592
ReiterKreuze_longVersion_frame(46).png,2,0.7557291666666667,0.5166666666666667,0.013802083333333333,0.07453703703703704
