image,label,x,y,width,height
ReiterKreuze_longVersion_frame(22).png,1,0.17604166666666668,0.562037037037037,0.030729166666666665,0.12638888888888888
ReiterKreuze_longVersion_frame(22).png,1,0.7390625,0.549074074074074,0.05234375,0.0699074074074074
ReiterKreuze_longVersion_frame(22).png,2,0.17473958333333334,0.5092592592592593,0.030729166666666665,0.10092592592592593
ReiterKreuze_longVersion_frame(22).png,2,0.7364583333333333,0.5171296296296296,0.011979166666666667,0.06851851851851852
