image,label,x,y,width,height
ReiterVerdeckungSpiegel_frame(16).png,1,0.4109375,0.6856481481481481,0.38671875,0.3819444444444444
ReiterVerdeckungSpiegel_frame(16).png,2,0.44479166666666664,0.5694444444444444,0.07265625,0.3837962962962963
