image,label,x,y,width,height
ReiterVerdeckungSpiegel_frame(54).png,1,0.496875,0.5393518518518519,0.05,0.053703703703703705
ReiterVerdeckungSpiegel_frame(54).png,2,0.4953125,0.512962962962963,0.007291666666666667,0.046296296296296294
