image,label,x,y,width,height
ReiterKreuze_longVersion_frame(82).png,1,0.4869791666666667,0.5291666666666667,0.008072916666666667,0.03333333333333333
ReiterKreuze_longVersion_frame(82).png,2,0.4861979166666667,0.5125,0.00703125,0.029166666666666667
