image,label,x,y,width,height
ReiterKreuze_longVersion_frame(32).png,1,0.7419270833333333,0.5662037037037037,0.08463541666666667,0.10648148148148148
ReiterKreuze_longVersion_frame(32).png,1,0.3768229166666667,0.5425925925925926,0.05963541666666667,0.06527777777777778
ReiterKreuze_longVersion_frame(32).png,2,0.7377604166666667,0.5138888888888888,0.01796875,0.09907407407407408
ReiterKreuze_longVersion_frame(32).png,2,0.37994791666666666,0.513425925925926,0.008072916666666667,0.05462962962962963
