image,label,x,y,width,height
ReiterKreuze_longVersion_frame(52).png,1,0.9244791666666666,0.5800925925925926,0.06744791666666666,0.13935185185185187
ReiterKreuze_longVersion_frame(52).png,2,0.9255208333333333,0.5194444444444445,0.028645833333333332,0.11203703703703703
