image,label,x,y,width,height
ReiterKreuze_longVersion_frame(71).png,1,0.33177083333333335,0.5310185185185186,0.014322916666666666,0.03935185185185185
ReiterKreuze_longVersion_frame(71).png,2,0.33125,0.5083333333333333,0.008333333333333333,0.03564814814814815
