image,label,x,y,width,height
ReiterKreuze_longVersion_frame(47).png,1,0.7859375,0.5574074074074075,0.06875,0.08796296296296297
ReiterKreuze_longVersion_frame(47).png,2,0.7846354166666667,0.5152777777777777,0.015625,0.07916666666666666
