image,label,x,y,width,height
ReiterVerdeckungSpiegel_frame(18).png,1,0.8950520833333333,0.6444444444444445,0.17213541666666668,0.2708333333333333
ReiterVerdeckungSpiegel_frame(18).png,2,0.9341145833333333,0.5347222222222222,0.06640625,0.2523148148148148
