image,label,x,y,width,height
ReiterKreuze_longVersion_frame(25).png,1,0.6598958333333333,0.5486111111111112,0.058854166666666666,0.07268518518518519
ReiterKreuze_longVersion_frame(25).png,2,0.2125,0.5106481481481482,0.016927083333333332,0.08101851851851852
ReiterKreuze_longVersion_frame(25).png,1,0.20911458333333333,0.5486111111111112,0.054947916666666666,0.08888888888888889
ReiterKreuze_longVersion_frame(25).png,2,0.6575520833333334,0.5143518518518518,0.01171875,0.060648148148148145
