image,label,x,y,width,height
ReiterVerdeckungSpiegel_frame(58).png,1,0.5424479166666667,0.537962962962963,0.0515625,0.052314814814814814
ReiterVerdeckungSpiegel_frame(57).png,2,0.5424479166666667,0.513425925925926,0.009,0.048
