image,label,x,y,width,height
ReiterVerdeckungSpiegel_frame(31).png,1,0.7317708333333334,0.5435185185185185,0.03854166666666667,0.06481481481481481
ReiterVerdeckungSpiegel_frame(31).png,2,0.7278645833333334,0.5143518518518518,0.0125,0.058333333333333334
