image,label,x,y,width,height
ReiterKreuze_longVersion_frame(44).png,1,0.6986979166666667,0.5532407407407407,0.0609375,0.07361111111111111
ReiterKreuze_longVersion_frame(44).png,2,0.70078125,0.5175925925925926,0.012239583333333333,0.06666666666666667
