image,label,x,y,width,height
ReiterKreuze_longVersion_frame(20).png,1,0.1921875,0.5796296296296296,0.051041666666666666,0.13194444444444445
ReiterKreuze_longVersion_frame(20).png,1,0.7877604166666666,0.5615740740740741,0.050520833333333334,0.09074074074074075
ReiterKreuze_longVersion_frame(20).png,2,0.18177083333333333,0.5111111111111111,0.03203125,0.1125
ReiterKreuze_longVersion_frame(20).png,2,0.7783854166666667,0.5175925925925926,0.021354166666666667,0.08472222222222223
