image,label,x,y,width,height
ReiterVerdeckungSpiegel_frame(8).png,1,0.30755208333333334,0.54,0.06796875,0.09
ReiterVerdeckungSpiegel_frame(8).png,2,0.3067708333333333,0.5152777777777777,0.012239583333333333,0.07361111111111111
