image,label,x,y,width,height
ReiterKreuze_longVersion_frame(12).png,1,0.7080729166666667,0.6236111111111111,0.18255208333333334,0.27824074074074073
ReiterKreuze_longVersion_frame(12).png,2,0.734375,0.5152777777777777,0.05572916666666667,0.2125
ReiterKreuze_longVersion_frame(12).png,2,0.6875,0.5222222222222223,0.03307291666666667,0.16296296296296298
ReiterKreuze_longVersion_frame(12).png,1,0.6875,0.58,0.16,0.26
