image,label,x,y,width,height
ReiterKreuze_longVersion_frame(13).png,1,0.6067708333333334,0.6101851851851852,0.17578125,0.18425925925925926
ReiterKreuze_longVersion_frame(13).png,1,0.7635416666666667,0.6180555555555556,0.13697916666666668,0.2263888888888889
ReiterKreuze_longVersion_frame(13).png,2,0.7872395833333333,0.5166666666666667,0.05546875,0.2023148148148148
ReiterKreuze_longVersion_frame(13).png,2,0.6106770833333334,0.5189814814814815,0.0328125,0.1763888888888889
