image,label,x,y,width,height
ReiterKreuze_longVersion_frame(85).png,1,0.490625,0.5333333333333333,0.011458333333333333,0.05092592592592592
ReiterKreuze_longVersion_frame(85).png,2,0.4895833333333333,0.5111111111111111,0.011458333333333333,0.040740740740740744
