image,label,x,y,width,height
ReiterKreuze_longVersion_frame(42).png,1,0.6450520833333333,0.549537037037037,0.0578125,0.06759259259259259
ReiterKreuze_longVersion_frame(42).png,2,0.6453125,0.5175925925925926,0.010416666666666666,0.05925925925925926
