image,label,x,y,width,height
ReiterVerdeckungSpiegel_frame(39).png,1,0.5734375,0.5393518518518519,0.05078125,0.052314814814814814
ReiterVerdeckungSpiegel_frame(39).png,2,0.5716145833333334,0.5152777777777777,0.007291666666666667,0.041666666666666664
