image,label,x,y,width,height
ReiterKreuze_longVersion_frame(68).png,1,0.28828125,0.5337962962962963,0.02109375,0.05555555555555555
ReiterKreuze_longVersion_frame(68).png,2,0.2903645833333333,0.5078703703703704,0.010416666666666666,0.05
