image,label,x,y,width,height
ReiterVerdeckungSpiegel_frame(23).png,1,0.9122395833333333,0.55,0.08151041666666667,0.12
ReiterVerdeckungSpiegel_frame(23).png,2,0.9052083333333333,0.5157407407407407,0.02109375,0.09074074074074075
