image,label,x,y,width,height
ReiterVerdeckungSpiegel_frame(3).png,1,0.5348958333333333,0.5337962962962963,0.017447916666666667,0.046296296296296294
ReiterVerdeckungSpiegel_frame(3).png,2,0.534375,0.512962962962963,0.01015625,0.03657407407407407
