image,label,x,y,width,height
ReiterKreuze_longVersion_frame(57).png,1,0.5877604166666667,0.6791666666666667,0.345,0.4
ReiterKreuze_longVersion_frame(57).png,2,0.5955729166666667,0.5449074074074074,0.06744791666666666,0.38
