image,label,x,y,width,height
ReiterKreuze_longVersion_frame(8).png,1,0.5697916666666667,0.6365740740740741,0.21666666666666667,0.31296296296296294
ReiterKreuze_longVersion_frame(8).png,1,0.8510416666666667,0.5814814814814815,0.05520833333333333,0.1449074074074074
ReiterKreuze_longVersion_frame(8).png,2,0.5924479166666666,0.5171296296296296,0.06302083333333333,0.2740740740740741
ReiterKreuze_longVersion_frame(8).png,2,0.8567708333333334,0.5162037037037037,0.022916666666666665,0.11018518518518519
