image,label,x,y,width,height
ReiterKreuze_longVersion_frame(40).png,1,0.5875,0.5467592592592593,0.06302083333333333,0.06712962962962964
ReiterKreuze_longVersion_frame(40).png,2,0.5911458333333334,0.5166666666666667,0.008072916666666667,0.05324074074074074
