image,label,x,y,width,height
ReiterKreuze_longVersion_frame(7).png,1,0.5703125,0.6365740740740741,0.21640625,0.31342592592592594
ReiterKreuze_longVersion_frame(7).png,1,0.86796875,0.5740740740740741,0.0484375,0.12546296296296297
ReiterKreuze_longVersion_frame(7).png,2,0.59296875,0.5166666666666667,0.06171875,0.27824074074074073
ReiterKreuze_longVersion_frame(7).png,2,0.8661458333333333,0.5166666666666667,0.026822916666666665,0.09907407407407408
