image,label,x,y,width,height
ReiterKreuze_longVersion_frame(31).png,1,0.6971354166666667,0.5597222222222222,0.084375,0.09675925925925925
ReiterKreuze_longVersion_frame(31).png,1,0.3494791666666667,0.54,0.06,0.09
ReiterKreuze_longVersion_frame(31).png,2,0.7002604166666667,0.513425925925926,0.018,0.095
ReiterKreuze_longVersion_frame(31).png,2,0.355,0.515,0.018,0.065
