image,label,x,y,width,height
ReiterKreuze_longVersion_frame(56).png,1,0.8244791666666667,0.6481481481481481,0.20416666666666666,0.35
ReiterKreuze_longVersion_frame(56).png,2,0.8317708333333333,0.5166666666666667,0.05182291666666667,0.26435185185185184
