image,label,x,y,width,height
ReiterVerdeckungSpiegel_frame(5).png,1,0.47682291666666665,0.5361111111111111,0.03333333333333333,0.06111111111111111
ReiterVerdeckungSpiegel_frame(5).png,2,0.47552083333333334,0.5101851851851852,0.010416666666666666,0.05
