image,label,x,y,width,height
ReiterKreuze_longVersion_frame(35).png,1,0.8841145833333334,0.5814814814814815,0.121875,0.13240740740740742
ReiterKreuze_longVersion_frame(35).png,1,0.4544270833333333,0.5430555555555555,0.05859375,0.06157407407407407
ReiterKreuze_longVersion_frame(35).png,2,0.8783854166666667,0.5185185185185185,0.025260416666666667,0.13287037037037036
ReiterKreuze_longVersion_frame(35).png,2,0.45807291666666666,0.5125,0.009375,0.05277777777777778
