image,label,x,y,width,height
ReiterKreuze_longVersion_frame(63).png,1,0.1265625,0.5560185185185185,0.08072916666666667,0.11990740740740741
ReiterKreuze_longVersion_frame(63).png,2,0.13645833333333332,0.5106481481481482,0.018489583333333334,0.10324074074074074
