image,label,x,y,width,height
ReiterKreuze_longVersion_frame(70).png,1,0.31953125,0.5291666666666667,0.01484375,0.046296296296296294
ReiterKreuze_longVersion_frame(70).png,2,0.31875,0.5060185185185185,0.009895833333333333,0.04351851851851852
