image,label,x,y,width,height
ReiterVerdeckungSpiegel_frame(73).png,1,0.3341145833333333,0.5375,0.03125,0.04861111111111111
ReiterVerdeckungSpiegel_frame(73).png,2,0.328125,0.5106481481481482,0.010416666666666666,0.046296296296296294
