image,label,x,y,width,height
ReiterKreuze_longVersion_frame(49).png,1,0.8393229166666667,0.5638888888888889,0.07630208333333334,0.1
ReiterKreuze_longVersion_frame(49).png,2,0.8401041666666667,0.5143518518518518,0.018229166666666668,0.09027777777777778
