image,label,x,y,width,height
ReiterKreuze_longVersion_frame(23).png,2,0.7140625,0.5175925925925926,0.012239583333333333,0.06527777777777778
ReiterKreuze_longVersion_frame(23).png,1,0.18307291666666667,0.5523148148148148,0.03177083333333333,0.10925925925925926
ReiterKreuze_longVersion_frame(23).png,1,0.7200520833333334,0.5509259259259259,0.06692708333333333,0.06944444444444445
ReiterKreuze_longVersion_frame(23).png,2,0.1828125,0.5106481481481482,0.025,0.08842592592592592
