image,label,x,y,width,height
ReiterVerdeckungSpiegel_frame(48).png,1,0.49166666666666664,0.5347222222222222,0.05286458333333333,0.05555555555555555
ReiterVerdeckungSpiegel_frame(48).png,2,0.49192708333333335,0.5115740740740741,0.00703125,0.04583333333333333
