image,label,x,y,width,height
ReiterKreuze_longVersion_frame(33).png,1,0.7859375,0.5675925925925925,0.08723958333333333,0.11851851851851852
ReiterKreuze_longVersion_frame(33).png,2,0.7799479166666666,0.5157407407407407,0.018489583333333334,0.12407407407407407
ReiterKreuze_longVersion_frame(33).png,1,0.40078125,0.5425925925925926,0.0625,0.06296296296296296
ReiterKreuze_longVersion_frame(33).png,2,0.40598958333333335,0.5143518518518518,0.008333333333333333,0.0587962962962963
