image,label,x,y,width,height
ReiterKreuze_longVersion_frame(36).png,1,0.9380208333333333,0.5912037037037037,0.12005208333333334,0.15
ReiterKreuze_longVersion_frame(36).png,2,0.9401041666666666,0.5222222222222223,0.02421875,0.13333333333333333
ReiterKreuze_longVersion_frame(36).png,1,0.4822916666666667,0.5444444444444444,0.06041666666666667,0.06111111111111111
ReiterKreuze_longVersion_frame(36).png,2,0.48515625,0.5148148148148148,0.008333333333333333,0.0587962962962963
