image,label,x,y,width,height
ReiterKreuze_longVersion_frame(73).png,1,0.35,0.5273148148148148,0.010416666666666666,0.032407407407407406
ReiterKreuze_longVersion_frame(73).png,2,0.3489583333333333,0.5092592592592593,0.00625,0.02962962962962963
