image,label,x,y,width,height
ReiterKreuze_longVersion_frame(81).png,1,0.48671875,0.5282407407407408,0.00703125,0.032407407407407406
ReiterKreuze_longVersion_frame(81).png,2,0.4859375,0.512962962962963,0.007291666666666667,0.028703703703703703
