image,label,x,y,width,height
ReiterKreuze_longVersion_frame(79).png,1,0.4700520833333333,0.525,0.019791666666666666,0.02824074074074074
ReiterKreuze_longVersion_frame(79).png,2,0.46796875,0.5101851851851852,0.009635416666666667,0.02824074074074074
