image,label,x,y,width,height
ReiterVerdeckungSpiegel_frame(28).png,1,0.7830729166666667,0.549074074074074,0.05,0.07268518518518519
ReiterVerdeckungSpiegel_frame(28).png,2,0.7796875,0.5162037037037037,0.01328125,0.06898148148148148
