image,label,x,y,width,height
ReiterVerdeckungSpiegel_frame(57).png,1,0.5315104166666667,0.5402777777777777,0.054427083333333334,0.05324074074074074
ReiterVerdeckungSpiegel_frame(57).png,2,0.5307291666666667,0.513425925925926,0.008072916666666667,0.04537037037037037
