image,label,x,y,width,height
ReiterVerdeckungSpiegel_frame(40).png,1,0.55,0.5398148148148149,0.05130208333333333,0.052314814814814814
ReiterVerdeckungSpiegel_frame(40).png,2,0.55078125,0.5180555555555556,0.007552083333333333,0.043055555555555555
