image,label,x,y,width,height
ReiterVerdeckungSpiegel_frame(22).png,1,0.9510416666666667,0.5689814814814815,0.07916666666666666,0.1111111111111111
ReiterVerdeckungSpiegel_frame(22).png,2,0.9466145833333334,0.5148148148148148,0.020052083333333335,0.10046296296296296
