image,label,x,y,width,height
ReiterVerdeckungSpiegel_frame(9).png,1,0.23515625,0.55,0.07421875,0.1
ReiterVerdeckungSpiegel_frame(9).png,2,0.2359375,0.5069444444444444,0.015364583333333333,0.08703703703703704
