image,label,x,y,width,height
ReiterKreuze_longVersion_frame(59).png,1,0.07994791666666666,0.649074074074074,0.16015625,0.33
ReiterKreuze_longVersion_frame(59).png,2,0.05963541666666667,0.5148148148148148,0.07630208333333334,0.25
