image,label,x,y,width,height
ReiterKreuze_longVersion_frame(5).png,1,0.5828125,0.6342592592592593,0.2513020833333333,0.3106481481481482
ReiterKreuze_longVersion_frame(5).png,1,0.86640625,0.5643518518518519,0.0296875,0.1050925925925926
ReiterKreuze_longVersion_frame(5).png,2,0.58984375,0.5157407407407407,0.061197916666666664,0.2763888888888889
ReiterKreuze_longVersion_frame(5).png,2,0.865625,0.513425925925926,0.0234375,0.08888888888888889
