image,label,x,y,width,height
ZweiReiterPaare_frame(8).png,1,0.18125,0.5481481481481482,0.04244791666666667,0.09027777777777778
ZweiReiterPaare_frame(8).png,2,0.18020833333333333,0.5046296296296297,0.01953125,0.08611111111111111
ZweiReiterPaare_frame(8).png,1,0.7286458333333333,0.5370370370370371,0.040364583333333336,0.06527777777777778
ZweiReiterPaare_frame(8).png,2,0.7229166666666667,0.5069444444444444,0.013541666666666667,0.0587962962962963
