image,label,x,y,width,height
ZweiReiterPaare_frame(37).png,1,0.052083333333333336,0.5875,0.05,0.19722222222222222
ZweiReiterPaare_frame(37).png,2,0.05182291666666667,0.5064814814814815,0.03828125,0.15462962962962962
