image,label,x,y,width,height
ZweiReiterPaare_frame(41).png,1,0.36380208333333336,0.6680555555555555,0.31223958333333335,0.32731481481481484
ZweiReiterPaare_frame(41).png,2,0.37135416666666665,0.537962962962963,0.057291666666666664,0.3453703703703704
