image,label,x,y,width,height
ZweiReiterPaare_frame(6).png,1,0.21510416666666668,0.5462962962962963,0.047135416666666666,0.07592592592592592
ZweiReiterPaare_frame(6).png,1,0.8322916666666667,0.5537037037037037,0.06875,0.09074074074074075
ZweiReiterPaare_frame(6).png,2,0.21432291666666667,0.5055555555555555,0.01484375,0.08194444444444444
ZweiReiterPaare_frame(6).png,2,0.8252604166666667,0.5166666666666667,0.015364583333333333,0.07685185185185185
