image,label,x,y,width,height
ZweiReiterPaare_frame(72).png,1,0.4901041666666667,0.5342592592592592,0.01484375,0.05925925925925926
ZweiReiterPaare_frame(72).png,2,0.48880208333333336,0.5087962962962963,0.01484375,0.046296296296296294
