image,label,x,y,width,height
ZweiReiterPaare_frame(57).png,1,0.609375,0.5263888888888889,0.0109375,0.03287037037037037
ZweiReiterPaare_frame(57).png,2,0.6078125,0.5092592592592593,0.008072916666666667,0.029166666666666667
