image,label,x,y,width,height
ZweiReiterPaare_frame(55).png,1,0.6348958333333333,0.5314814814814814,0.014322916666666666,0.038425925925925926
ZweiReiterPaare_frame(55).png,2,0.6328125,0.5115740740740741,0.008333333333333333,0.03564814814814815
