image,label,x,y,width,height
ZweiReiterPaare_frame(66).png,1,0.48515625,0.5310185185185186,0.009895833333333333,0.03611111111111111
ZweiReiterPaare_frame(66).png,2,0.48411458333333335,0.513425925925926,0.008854166666666666,0.03333333333333333
