image,label,x,y,width,height
ZweiReiterPaare_frame(3).png,1,0.26848958333333334,0.5337962962962963,0.028645833333333332,0.06388888888888888
ZweiReiterPaare_frame(3).png,2,0.26536458333333335,0.5041666666666667,0.01171875,0.05925925925925926
ZweiReiterPaare_frame(3).png,1,0.9942708333333333,0.54,0.011458333333333333,0.1
ZweiReiterPaare_frame(3).png,2,0.9924479166666667,0.537962962962963,0.013020833333333334,0.1
