image,label,x,y,width,height
ZweiReiterPaare_frame(16).png,1,0.5255208333333333,0.5254629629629629,0.025,0.032
ZweiReiterPaare_frame(16).png,2,0.5255208333333333,0.515,0.01,0.032
