image,label,x,y,width,height
ZweiReiterPaare_frame(21).png,1,0.34921875,0.6717592592592593,0.35130208333333335,0.35324074074074074
ZweiReiterPaare_frame(21).png,2,0.3338541666666667,0.5328703703703703,0.07473958333333333,0.3851851851851852
