image,label,x,y,width,height
ZweiReiterPaare_frame(34).png,1,0.10755208333333334,0.5657407407407408,0.048177083333333336,0.12916666666666668
ZweiReiterPaare_frame(34).png,2,0.10520833333333333,0.5050925925925925,0.02421875,0.11388888888888889
