image,label,x,y,width,height
ZweiReiterPaare_frame(58).png,1,0.5973958333333333,0.5277777777777778,0.015885416666666666,0.02824074074074074
ZweiReiterPaare_frame(58).png,2,0.5971354166666667,0.5097222222222222,0.007552083333333333,0.028703703703703703
