image,label,x,y,width,height
ZweiReiterPaare_frame(10).png,1,0.65703125,0.5347222222222222,0.025520833333333333,0.04212962962962963
ZweiReiterPaare_frame(10).png,1,0.15,0.5560185185185185,0.033854166666666664,0.10462962962962963
ZweiReiterPaare_frame(10).png,2,0.1484375,0.5050925925925925,0.02109375,0.09166666666666666
ZweiReiterPaare_frame(10).png,2,0.6541666666666667,0.5120370370370371,0.009375,0.0375
