image,label,x,y,width,height
ZweiReiterPaare_frame(50).png,1,0.7640625,0.5481481481481482,0.05234375,0.0712962962962963
ZweiReiterPaare_frame(50).png,2,0.76015625,0.5125,0.015885416666666666,0.06805555555555555
