image,label,x,y,width,height
ZweiReiterPaare_frame(53).png,1,0.6703125,0.5347222222222222,0.022135416666666668,0.049074074074074076
ZweiReiterPaare_frame(53).png,2,0.6677083333333333,0.5106481481481482,0.01171875,0.04259259259259259
