image,label,x,y,width,height
ZweiReiterPaare_frame(43).png,1,0.8309895833333333,0.6412037037037037,0.20130208333333333,0.29768518518518516
ZweiReiterPaare_frame(43).png,2,0.8765625,0.5208333333333334,0.06614583333333333,0.25462962962962965
