image,label,x,y,width,height
ZweiReiterPaare_frame(70).png,1,0.49114583333333334,0.5342592592592592,0.014322916666666666,0.058333333333333334
ZweiReiterPaare_frame(70).png,2,0.4903645833333333,0.5083333333333333,0.013020833333333334,0.04722222222222222
