image,label,x,y,width,height
ZweiReiterPaare_frame(42).png,1,0.6268229166666667,0.6773148148148148,0.30625,0.324537037037037
ZweiReiterPaare_frame(42).png,2,0.6630208333333333,0.5430555555555555,0.0671875,0.325
