image,label,x,y,width,height
ZweiReiterPaare_frame(1).png,1,0.8265625,0.6356481481481482,0.20677083333333332,0.3050925925925926
ZweiReiterPaare_frame(1).png,1,0.3065104166666667,0.5351851851851852,0.021354166666666667,0.04953703703703704
ZweiReiterPaare_frame(1).png,2,0.87265625,0.5,0.07,0.3
ZweiReiterPaare_frame(1).png,2,0.30494791666666665,0.5106481481481482,0.0109375,0.04259259259259259
