image,label,x,y,width,height
ZweiReiterPaare_frame(31).png,1,0.18541666666666667,0.549537037037037,0.044270833333333336,0.0912037037037037
ZweiReiterPaare_frame(31).png,2,0.18411458333333333,0.5060185185185185,0.016666666666666666,0.08703703703703704
