image,label,x,y,width,height
ZweiReiterPaare_frame(14).png,1,0.05390625,0.5935185185185186,0.10807291666666667,0.17453703703703705
ZweiReiterPaare_frame(14).png,1,0.5825520833333333,0.5296296296296297,0.022395833333333334,0.03148148148148148
ZweiReiterPaare_frame(14).png,2,0.04739583333333333,0.5064814814814815,0.028645833333333332,0.1787037037037037
ZweiReiterPaare_frame(14).png,2,0.58,0.515,0.009,0.03148148148148148
