image,label,x,y,width,height
ZweiReiterPaare_frame(40).png,1,0.1625,0.625,0.22447916666666667,0.3138888888888889
ZweiReiterPaare_frame(40).png,2,0.1640625,0.5208333333333334,0.04869791666666667,0.24212962962962964
