image,label,x,y,width,height
ZweiReiterPaare_frame(64).png,1,0.48463541666666665,0.5273148148148148,0.009114583333333334,0.030555555555555555
ZweiReiterPaare_frame(64).png,2,0.48385416666666664,0.512962962962963,0.007552083333333333,0.02962962962962963
