image,label,x,y,width,height
ZweiReiterPaare_frame(36).png,1,0.06171875,0.5847222222222223,0.040625,0.17685185185185184
ZweiReiterPaare_frame(36).png,2,0.05859375,0.5023148148148148,0.03854166666666667,0.14537037037037037
