image,label,x,y,width,height
ZweiReiterPaare_frame(39).png,1,0.08567708333333333,0.6041666666666666,0.14244791666666667,0.2865740740740741
ZweiReiterPaare_frame(39).png,2,0.07890625,0.5078703703703704,0.042708333333333334,0.19768518518518519
