image,label,x,y,width,height
ZweiReiterPaare_frame(15).png,1,0.030208333333333334,0.6018518518518519,0.057291666666666664,0.1726851851851852
ZweiReiterPaare_frame(15).png,1,0.55546875,0.5259259259259259,0.022916666666666665,0.03
ZweiReiterPaare_frame(15).png,2,0.015885416666666666,0.5120370370370371,0.024739583333333332,0.18981481481481483
ZweiReiterPaare_frame(15).png,2,0.55546875,0.515,0.009,0.03
