image,label,x,y,width,height
ZweiReiterPaare_frame(2).png,1,0.28880208333333335,0.5310185185185186,0.021875,0.055092592592592596
ZweiReiterPaare_frame(2).png,1,0.97,0.6416666666666667,0.08,0.21898148148148147
ZweiReiterPaare_frame(2).png,2,0.28671875,0.5041666666666667,0.009895833333333333,0.050462962962962966
ZweiReiterPaare_frame(2).png,2,0.98,0.5,0.04,0.21898148148148147