image,label,x,y,width,height
ZweiReiterPaare_frame(35).png,2,0.0765625,0.5009259259259259,0.0328125,0.13240740740740742
ZweiReiterPaare_frame(35).png,1,0.07942708333333333,0.5722222222222222,0.04244791666666667,0.14305555555555555
