image,label,x,y,width,height
ZweiReiterPaare_frame(19).png,1,0.10807291666666667,0.6388888888888888,0.21614583333333334,0.30648148148148147
ZweiReiterPaare_frame(19).png,2,0.08072916666666667,0.5101851851851852,0.057291666666666664,0.3
ZweiReiterPaare_frame(19).png,1,0.43463541666666666,0.5236111111111111,0.024739583333333332,0.027314814814814816
ZweiReiterPaare_frame(19).png,2,0.433,0.51,0.012,0.033
