image,label,x,y,width,height
ZweiReiterPaare_frame(65).png,1,0.48411458333333335,0.5282407407407408,0.009895833333333333,0.030555555555555555
ZweiReiterPaare_frame(65).png,2,0.4828125,0.5120370370370371,0.00859375,0.031018518518518518
