image,label,x,y,width,height
ZweiReiterPaare_frame(38).png,1,0.06510416666666667,0.5981481481481481,0.09192708333333334,0.23194444444444445
ZweiReiterPaare_frame(38).png,2,0.05078125,0.5092592592592593,0.04375,0.18425925925925926
