image,label,x,y,width,height
ZweiReiterPaare_frame(13).png,1,0.07239583333333334,0.5819444444444445,0.09895833333333333,0.15231481481481482
ZweiReiterPaare_frame(13).png,1,0.6020833333333333,0.5287037037037037,0.016927083333333332,0.028703703703703703
ZweiReiterPaare_frame(13).png,2,0.0859375,0.5046296296296297,0.029166666666666667,0.1449074074074074
ZweiReiterPaare_frame(13).png,2,0.6005208333333333,0.5115740740740741,0.00703125,0.02824074074074074
