image,label,x,y,width,height
ZweiReiterPaare_frame(23).png,1,0.6268229166666667,0.6699074074074074,0.35182291666666665,0.3472222222222222
ZweiReiterPaare_frame(23).png,2,0.6513020833333333,0.5361111111111111,0.07447916666666667,0.3592592592592593
ZweiReiterPaare_frame(23).png,1,0.35208333333333336,0.5259259259259259,0.0125,0.03009259259259259
ZweiReiterPaare_frame(23).png,2,0.35208333333333336,0.512,0.011,0.04
