image,label,x,y,width,height
ZweiReiterPaare_frame(56).png,1,0.62109375,0.5310185185185186,0.012760416666666666,0.03194444444444444
ZweiReiterPaare_frame(56).png,2,0.6200520833333333,0.5125,0.008072916666666667,0.03148148148148148
