image,label,x,y,width,height
ZweiReiterPaare_frame(63).png,1,0.48828125,0.5268518518518519,0.009895833333333333,0.030555555555555555
ZweiReiterPaare_frame(63).png,2,0.48776041666666664,0.5111111111111111,0.0078125,0.027777777777777776
