image,label,x,y,width,height
ZweiReiterPaare_frame(4).png,1,0.24947916666666667,0.5407407407407407,0.028385416666666666,0.0712962962962963
ZweiReiterPaare_frame(4).png,2,0.24713541666666666,0.5069444444444444,0.012760416666666666,0.06388888888888888
ZweiReiterPaare_frame(4).png,1,0.9669270833333333,0.56,0.06536458333333334,0.16
ZweiReiterPaare_frame(4).png,2,0.9604166666666667,0.5097222222222222,0.025260416666666667,0.12129629629629629
