image,label,x,y,width,height
ZweiReiterPaare_frame(52).png,1,0.6919270833333333,0.5388888888888889,0.027604166666666666,0.05324074074074074
ZweiReiterPaare_frame(52).png,2,0.6880208333333333,0.5115740740740741,0.010416666666666666,0.04490740740740741
