image,label,x,y,width,height
ZweiReiterPaare_frame(49).png,1,0.8153645833333333,0.5546296296296296,0.058333333333333334,0.07916666666666666
ZweiReiterPaare_frame(49).png,2,0.8091145833333333,0.513425925925926,0.015885416666666666,0.07777777777777778
