image,label,x,y,width,height
ZweiReiterPaare_frame(32).png,1,0.15911458333333334,0.5550925925925926,0.04973958333333333,0.1037037037037037
ZweiReiterPaare_frame(32).png,2,0.15807291666666667,0.5069444444444444,0.01640625,0.08796296296296297
