image,label,x,y,width,height
ZweiReiterPaare_frame(26).png,1,0.9190104166666667,0.6351851851851852,0.13619791666666667,0.25277777777777777
ZweiReiterPaare_frame(26).png,1,0.31744791666666666,0.5296296296296297,0.015364583333333333,0.04583333333333333
ZweiReiterPaare_frame(26).png,2,0.9455729166666667,0.5217592592592593,0.06875,0.23981481481481481
ZweiReiterPaare_frame(26).png,2,0.31536458333333334,0.5050925925925925,0.01015625,0.04351851851851852
