image,label,x,y,width,height
ZweiReiterPaare_frame(69).png,1,0.4901041666666667,0.5365740740740741,0.014322916666666666,0.056018518518518516
ZweiReiterPaare_frame(69).png,2,0.48854166666666665,0.5111111111111111,0.01328125,0.04490740740740741
