image,label,x,y,width,height
ZweiReiterPaare_frame(24).png,1,0.7447916666666666,0.6699074074074074,0.28958333333333336,0.32222222222222224
ZweiReiterPaare_frame(24).png,2,0.7768229166666667,0.5421296296296296,0.06875,0.35
ZweiReiterPaare_frame(24).png,1,0.3421875,0.5300925925925926,0.01328125,0.03333333333333333
ZweiReiterPaare_frame(24).png,2,0.34140625,0.5101851851851852,0.008333333333333333,0.03333333333333333
