image,label,x,y,width,height
ZweiReiterPaare_frame(18).png,1,0.047135416666666666,0.6125,0.09375,0.324537037037037
ZweiReiterPaare_frame(18).png,2,0.015885416666666666,0.5,0.07,0.3
ZweiReiterPaare_frame(18).png,1,0.464,0.5236111111111111,0.023,0.03
ZweiReiterPaare_frame(18).png,2,0.464,0.513,0.01,0.03
