image,label,x,y,width,height
ZweiReiterPaare_frame(9).png,1,0.6885416666666667,0.5388888888888889,0.029947916666666668,0.04814814814814815
ZweiReiterPaare_frame(9).png,1,0.16901041666666666,0.55,0.04609375,0.09722222222222222
ZweiReiterPaare_frame(9).png,2,0.6841145833333333,0.513425925925926,0.009375,0.0412037037037037
ZweiReiterPaare_frame(9).png,2,0.16432291666666668,0.5032407407407408,0.01953125,0.0875
