image,label,x,y,width,height
ZweiReiterPaare_frame(20).png,1,0.20104166666666667,0.6722222222222223,0.309375,0.324537037037037
ZweiReiterPaare_frame(20).png,2,0.18359375,0.5203703703703704,0.062239583333333334,0.35
ZweiReiterPaare_frame(20).png,1,0.4075520833333333,0.524074074074074,0.028,0.033
ZweiReiterPaare_frame(20).png,2,0.405,0.51,0.009,0.03
