image,label,x,y,width,height
ZweiReiterPaare_frame(51).png,2,0.71640625,0.5120370370370371,0.01328125,0.05740740740740741
ZweiReiterPaare_frame(51).png,1,0.7208333333333333,0.5425925925925926,0.0421875,0.06435185185185185
