image,label,x,y,width,height
ZweiReiterPaare_frame(7).png,1,0.20078125,0.5467592592592593,0.0484375,0.08055555555555556
ZweiReiterPaare_frame(7).png,1,0.7731770833333333,0.5481481481481482,0.055989583333333336,0.07546296296296297
ZweiReiterPaare_frame(7).png,2,0.76953125,0.5125,0.01640625,0.07083333333333333
ZweiReiterPaare_frame(7).png,2,0.19791666666666666,0.5074074074074074,0.015625,0.08287037037037037
