image,label,x,y,width,height
ZweiReiterPaare_frame(47).png,1,0.9453125,0.5648148148148148,0.08463541666666667,0.1087962962962963
ZweiReiterPaare_frame(47).png,2,0.9359375,0.5101851851851852,0.018489583333333334,0.10138888888888889
