image,label,x,y,width,height
ZweiReiterPaare_frame(12).png,1,0.10807291666666667,0.575462962962963,0.07760416666666667,0.13425925925925927
ZweiReiterPaare_frame(12).png,1,0.6169270833333333,0.5291666666666667,0.014322916666666666,0.032407407407407406
ZweiReiterPaare_frame(12).png,2,0.11979166666666667,0.5115740740740741,0.0265625,0.12407407407407407
ZweiReiterPaare_frame(12).png,2,0.61484375,0.5111111111111111,0.008854166666666666,0.031018518518518518
