image,label,x,y,width,height
ZweiReiterPaare_frame(62).png,1,0.50390625,0.5273148148148148,0.01640625,0.02962962962962963
ZweiReiterPaare_frame(62).png,2,0.5013020833333334,0.5097222222222222,0.008072916666666667,0.027777777777777776
