image,label,x,y,width,height
ZweiReiterPaare_frame(46).png,1,0.9846354166666667,0.5736111111111111,0.028125,0.11435185185185186
ZweiReiterPaare_frame(46).png,2,0.9916666666666667,0.5208333333333334,0.01640625,0.10138888888888889
