image,label,x,y,width,height
ZweiReiterPaare_frame(48).png,1,0.8736979166666666,0.5592592592592592,0.07473958333333333,0.09675925925925925
ZweiReiterPaare_frame(48).png,2,0.8674479166666667,0.5111111111111111,0.018489583333333334,0.08935185185185185
