image,label,x,y,width,height
ZweiReiterPaare_frame(28).png,1,0.2830729166666667,0.5324074074074074,0.02578125,0.05555555555555555
ZweiReiterPaare_frame(28).png,2,0.28098958333333335,0.5041666666666667,0.0109375,0.053703703703703705
ZweiReiterPaare_frame(28).png,1,0.9848958333333333,0.6361111111111111,0.02578125,0.17962962962962964
