image,label,x,y,width,height
ZweiReiterPaare_frame(54).png,1,0.6513020833333333,0.5324074074074074,0.01640625,0.04027777777777778
ZweiReiterPaare_frame(54).png,2,0.6494791666666667,0.5101851851851852,0.008854166666666666,0.037037037037037035
