image,label,x,y,width,height
ZweiReiterPaare_frame(33).png,1,0.13359375,0.5592592592592592,0.06536458333333334,0.11018518518518519
ZweiReiterPaare_frame(33).png,2,0.13046875,0.5037037037037037,0.020833333333333332,0.10092592592592593
