image,label,x,y,width,height
ZweiReiterPaare_frame(68).png,2,0.4875,0.5138888888888888,0.012760416666666666,0.03935185185185185
ZweiReiterPaare_frame(68).png,1,0.48854166666666665,0.537962962962963,0.011979166666666667,0.046296296296296294
