image,label,x,y,width,height
ZweiReiterPaare_frame(61).png,1,0.5263020833333333,0.5263888888888889,0.025260416666666667,0.029166666666666667
ZweiReiterPaare_frame(61).png,2,0.525,0.515,0.01,0.032
