image,label,x,y,width,height
ZweiReiterPaare_frame(27).png,1,0.30364583333333334,0.5347222222222222,0.020052083333333335,0.04861111111111111
ZweiReiterPaare_frame(27).png,2,0.30130208333333336,0.5092592592592593,0.011197916666666667,0.044444444444444446
ZweiReiterPaare_frame(27).png,1,0.9458333333333333,0.6300925925925925,0.1015625,0.2199074074074074
ZweiReiterPaare_frame(27).png,2,0.9830729166666666,0.5185185185185185,0.03359375,0.22314814814814815
