image,label,x,y,width,height
ZweiReiterPaare_frame(29).png,1,0.25703125,0.5361111111111111,0.0296875,0.06898148148148148
ZweiReiterPaare_frame(29).png,2,0.25364583333333335,0.5027777777777778,0.014583333333333334,0.06481481481481481
