image,label,x,y,width,height
ZweiReiterPaare_frame(71).png,1,0.490625,0.5347222222222222,0.01484375,0.058333333333333334
ZweiReiterPaare_frame(71).png,2,0.48984375,0.5097222222222222,0.013541666666666667,0.046296296296296294
