image,label,x,y,width,height
ZweiReiterPaare_frame(67).png,1,0.48723958333333334,0.5333333333333333,0.011197916666666667,0.04259259259259259
ZweiReiterPaare_frame(67).png,2,0.4864583333333333,0.5120370370370371,0.0109375,0.03564814814814815
