image,label,x,y,width,height
ZweiReiterPaare_frame(5).png,1,0.23307291666666666,0.5435185185185185,0.03828125,0.06944444444444445
ZweiReiterPaare_frame(5).png,2,0.23072916666666668,0.5069444444444444,0.013802083333333333,0.0787037037037037
ZweiReiterPaare_frame(5).png,1,0.89921875,0.54,0.07239583333333334,0.11
ZweiReiterPaare_frame(5).png,2,0.8932291666666666,0.5101851851851852,0.019791666666666666,0.08657407407407407
