image,label,x,y,width,height
ZweiReiterPaare_frame(25).png,1,0.8427083333333333,0.6402777777777777,0.22161458333333334,0.2986111111111111
ZweiReiterPaare_frame(25).png,1,0.33125,0.5277777777777778,0.014583333333333334,0.04212962962962963
ZweiReiterPaare_frame(25).png,2,0.3296875,0.5055555555555555,0.009114583333333334,0.03611111111111111
ZweiReiterPaare_frame(25).png,2,0.8731770833333333,0.5263888888888889,0.06380208333333333,0.2689814814814815
