image,label,x,y,width,height
ZweiReiterPaare_frame(22).png,1,0.49765625,0.6708333333333333,0.3645833333333333,0.3597222222222222
ZweiReiterPaare_frame(22).png,2,0.5028645833333333,0.53,0.0640625,0.4
ZweiReiterPaare_frame(22).png,1,0.364,0.52,0.018,0.045
ZweiReiterPaare_frame(22).png,2,0.364,0.51,0.014,0.045