image,label,x,y,width,height
ZweiReiterPaare_frame(11).png,1,0.6354166666666666,0.5296296296296297,0.015104166666666667,0.03981481481481482
ZweiReiterPaare_frame(11).png,1,0.1328125,0.5638888888888889,0.04140625,0.1259259259259259
ZweiReiterPaare_frame(11).png,2,0.134375,0.5023148148148148,0.0265625,0.11388888888888889
ZweiReiterPaare_frame(11).png,2,0.6328125,0.5087962962962963,0.009635416666666667,0.03518518518518519
