image,label,x,y,width,height
ZweiReiterPaare_frame(44).png,1,0.94765625,0.6337962962962963,0.09947916666666666,0.20694444444444443
ZweiReiterPaare_frame(44).png,2,0.99,0.5,0.08,0.20694444444444443
