image,label,x,y,width,height
ZweiReiterPaare_frame(30).png,1,0.22109375,0.5453703703703704,0.03802083333333333,0.0787037037037037
ZweiReiterPaare_frame(30).png,2,0.21822916666666667,0.5074074074074074,0.015364583333333333,0.0763888888888889
